Buenos Aires,Sección Cuarta,9 de Julio,9 de Julio,00696,COLEGIO JESUS SACRAMENTADO,0208300075X,https://resultados.gob.ar/elecciones/1/59609/1/-1/-1/Buenos-Aires/Secci%C3%B3n-Cuarta/9-de-Julio/9-de-Julio/00696/COLEGIO-JESUS-SACRAMENTADO/0208300075X
Buenos Aires,Sección Cuarta,9 de Julio,9 de Julio,00696,COLEGIO JESUS SACRAMENTADO,0208300076X,https://resultados.gob.ar/elecciones/1/59610/1/-1/-1/Buenos-Aires/Secci%C3%B3n-Cuarta/9-de-Julio/9-de-Julio/00696/COLEGIO-JESUS-SACRAMENTADO/0208300076X
Buenos Aires,Sección Cuarta,9 de Julio,9 de Julio,00696,COLEGIO JESUS SACRAMENTADO,0208300077X,https://resultados.gob.ar/elecciones/1/59611/1/-1/-1/Buenos-Aires/Secci%C3%B3n-Cuarta/9-de-Julio/9-de-Julio/00696/COLEGIO-JESUS-SACRAMENTADO/0208300077X
Buenos Aires,Sección Cuarta,9 de Julio,9 de Julio,00696,COLEGIO JESUS SACRAMENTADO,0208300078X,https://resultados.gob.ar/elecciones/1/59612/1/-1/-1/Buenos-Aires/Secci%C3%B3n-Cuarta/9-de-Julio/9-de-Julio/00696/COLEGIO-JESUS-SACRAMENTADO/0208300078X
Buenos Aires,Sección Cuarta,9 de Julio,9 de Julio,00696,COLEGIO JESUS SACRAMENTADO,0208300079X,https://resultados.gob.ar/elecciones/1/59613/1/-1/-1/Buenos-Aires/Secci%C3%B3n-Cuarta/9-de-Julio/9-de-Julio/00696/COLEGIO-JESUS-SACRAMENTADO/0208300079X
Buenos Aires,Sección Cuarta,9 de Julio,9 de Julio,00696,COLEGIO JESUS SACRAMENTADO,0208300080X,https://resultados.gob.ar/elecciones/1/59614/1/-1/-1/Buenos-Aires/Secci%C3%B3n-Cuarta/9-de-Julio/9-de-Julio/00696/COLEGIO-JESUS-SACRAMENTADO/0208300080X
Buenos Aires,Sección Cuarta,9 de Julio,9 de Julio,00696,ESCUELA EDUC.ESPECIAL N°501,0208300091X,https://resultados.gob.ar/elecciones/1/59625/1/-1/-1/Buenos-Aires/Secci%C3%B3n-Cuarta/9-de-Julio/9-de-Julio/00696/ESCUELA-EDUC.ESPECIAL-N%C2%B0501/0208300091X
Buenos Aires,Sección Cuarta,9 de Julio,9 de Julio,00696,ESCUELA EDUC.ESPECIAL N°501,0208300092X,https://resultados.gob.ar/elecciones/1/59626/1/-1/-1/Buenos-Aires/Secci%C3%B3n-Cuarta/9-de-Julio/9-de-Julio/00696/ESCUELA-EDUC.ESPECIAL-N%C2%B0501/0208300092X
Buenos Aires,Sección Cuarta,9 de Julio,9 de Julio,00696,ESCUELA EDUC.ESPECIAL N°501,0208300093X,https://resultados.gob.ar/elecciones/1/59627/1/-1/-1/Buenos-Aires/Secci%C3%B3n-Cuarta/9-de-Julio/9-de-Julio/00696/ESCUELA-EDUC.ESPECIAL-N%C2%B0501/0208300093X
Buenos Aires,Sección Cuarta,9 de Julio,9 de Julio,00696,ESCUELA EDUC.ESPECIAL N°501,0208300094X,https://resultados.gob.ar/elecciones/1/59628/1/-1/-1/Buenos-Aires/Secci%C3%B3n-Cuarta/9-de-Julio/9-de-Julio/00696/ESCUELA-EDUC.ESPECIAL-N%C2%B0501/0208300094X
Buenos Aires,Sección Cuarta,9 de Julio,9 de Julio,00696,ESCUELA EDUC.ESPECIAL N°501,0208300095X,https://resultados.gob.ar/elecciones/1/59629/1/-1/-1/Buenos-Aires/Secci%C3%B3n-Cuarta/9-de-Julio/9-de-Julio/00696/ESCUELA-EDUC.ESPECIAL-N%C2%B0501/0208300095X
Buenos Aires,Sección Cuarta,9 de Julio,9 de Julio,00696,ESCUELA EP N° 30,0208300096X,https://resultados.gob.ar/elecciones/1/59630/1/-1/-1/Buenos-Aires/Secci%C3%B3n-Cuarta/9-de-Julio/9-de-Julio/00696/ESCUELA-EP-N%C2%B0-30/0208300096X
Buenos Aires,Sección Cuarta,9 de Julio,9 de Julio,00696,ESCUELA EP N° 30,0208300097X,https://resultados.gob.ar/elecciones/1/59631/1/-1/-1/Buenos-Aires/Secci%C3%B3n-Cuarta/9-de-Julio/9-de-Julio/00696/ESCUELA-EP-N%C2%B0-30/0208300097X
Buenos Aires,Sección Cuarta,9 de Julio,9 de Julio,00696,ESCUELA EP N° 30,0208300098X,https://resultados.gob.ar/elecciones/1/59632/1/-1/-1/Buenos-Aires/Secci%C3%B3n-Cuarta/9-de-Julio/9-de-Julio/00696/ESCUELA-EP-N%C2%B0-30/0208300098X
Buenos Aires,Sección Cuarta,9 de Julio,9 de Julio,00696,ESCUELA EP N° 30,0208300099X,https://resultados.gob.ar/elecciones/1/59633/1/-1/-1/Buenos-Aires/Secci%C3%B3n-Cuarta/9-de-Julio/9-de-Julio/00696/ESCUELA-EP-N%C2%B0-30/0208300099X
Buenos Aires,Sección Cuarta,9 de Julio,9 de Julio,00696,ESCUELA EP N° 30,0208300100X,https://resultados.gob.ar/elecciones/1/59634/1/-1/-1/Buenos-Aires/Secci%C3%B3n-Cuarta/9-de-Julio/9-de-Julio/00696/ESCUELA-EP-N%C2%B0-30/0208300100X
Buenos Aires,Sección Cuarta,9 de Julio,9 de Julio,00696,ESCUELA EP N° 30,0208300101X,https://resultados.gob.ar/elecciones/1/59635/1/-1/-1/Buenos-Aires/Secci%C3%B3n-Cuarta/9-de-Julio/9-de-Julio/00696/ESCUELA-EP-N%C2%B0-30/0208300101X
Buenos Aires,Sección Cuarta,9 de Julio,9 de Julio,00696,ESCUELA EP N° 30,0208300113X,https://resultados.gob.ar/elecciones/1/59647/1/-1/-1/Buenos-Aires/Secci%C3%B3n-Cuarta/9-de-Julio/9-de-Julio/00696/ESCUELA-EP-N%C2%B0-30/0208300113X
Buenos Aires,Sección Cuarta,9 de Julio,9 de Julio,00696,ESCUELA EP N°1/ES N°13,0208300010X,https://resultados.gob.ar/elecciones/1/59544/1/-1/-1/Buenos-Aires/Secci%C3%B3n-Cuarta/9-de-Julio/9-de-Julio/00696/ESCUELA-EP-N%C2%B01%2FES-N%C2%B013/0208300010X
Buenos Aires,Sección Cuarta,9 de Julio,9 de Julio,00696,ESCUELA EP N°1/ES N°13,0208300011X,https://resultados.gob.ar/elecciones/1/59545/1/-1/-1/Buenos-Aires/Secci%C3%B3n-Cuarta/9-de-Julio/9-de-Julio/00696/ESCUELA-EP-N%C2%B01%2FES-N%C2%B013/0208300011X
Buenos Aires,Sección Cuarta,9 de Julio,9 de Julio,00696,ESCUELA EP N°1/ES N°13,0208300012X,https://resultados.gob.ar/elecciones/1/59546/1/-1/-1/Buenos-Aires/Secci%C3%B3n-Cuarta/9-de-Julio/9-de-Julio/00696/ESCUELA-EP-N%C2%B01%2FES-N%C2%B013/0208300012X
Buenos Aires,Sección Cuarta,9 de Julio,9 de Julio,00696,ESCUELA EP N°1/ES N°13,0208300013X,https://resultados.gob.ar/elecciones/1/59547/1/-1/-1/Buenos-Aires/Secci%C3%B3n-Cuarta/9-de-Julio/9-de-Julio/00696/ESCUELA-EP-N%C2%B01%2FES-N%C2%B013/0208300013X
Buenos Aires,Sección Cuarta,9 de Julio,9 de Julio,00696,ESCUELA EP N°1/ES N°13,0208300014X,https://resultados.gob.ar/elecciones/1/59548/1/-1/-1/Buenos-Aires/Secci%C3%B3n-Cuarta/9-de-Julio/9-de-Julio/00696/ESCUELA-EP-N%C2%B01%2FES-N%C2%B013/0208300014X
Buenos Aires,Sección Cuarta,9 de Julio,9 de Julio,00696,ESCUELA EP N°1/ES N°13,0208300015X,https://resultados.gob.ar/elecciones/1/59549/1/-1/-1/Buenos-Aires/Secci%C3%B3n-Cuarta/9-de-Julio/9-de-Julio/00696/ESCUELA-EP-N%C2%B01%2FES-N%C2%B013/0208300015X
Buenos Aires,Sección Cuarta,9 de Julio,9 de Julio,00696,ESCUELA EP N°1/ES N°13,0208300016X,https://resultados.gob.ar/elecciones/1/59550/1/-1/-1/Buenos-Aires/Secci%C3%B3n-Cuarta/9-de-Julio/9-de-Julio/00696/ESCUELA-EP-N%C2%B01%2FES-N%C2%B013/0208300016X
Buenos Aires,Sección Cuarta,9 de Julio,9 de Julio,00696,ESCUELA EP N°2,0208300017X,https://resultados.gob.ar/elecciones/1/59551/1/-1/-1/Buenos-Aires/Secci%C3%B3n-Cuarta/9-de-Julio/9-de-Julio/00696/ESCUELA-EP-N%C2%B02/0208300017X
Buenos Aires,Sección Cuarta,9 de Julio,9 de Julio,00696,ESCUELA EP N°2,0208300018X,https://resultados.gob.ar/elecciones/1/59552/1/-1/-1/Buenos-Aires/Secci%C3%B3n-Cuarta/9-de-Julio/9-de-Julio/00696/ESCUELA-EP-N%C2%B02/0208300018X
Buenos Aires,Sección Cuarta,9 de Julio,9 de Julio,00696,ESCUELA EP N°2,0208300019X,https://resultados.gob.ar/elecciones/1/59553/1/-1/-1/Buenos-Aires/Secci%C3%B3n-Cuarta/9-de-Julio/9-de-Julio/00696/ESCUELA-EP-N%C2%B02/0208300019X
Buenos Aires,Sección Cuarta,9 de Julio,9 de Julio,00696,ESCUELA EP N°2,0208300020X,https://resultados.gob.ar/elecciones/1/59554/1/-1/-1/Buenos-Aires/Secci%C3%B3n-Cuarta/9-de-Julio/9-de-Julio/00696/ESCUELA-EP-N%C2%B02/0208300020X
Buenos Aires,Sección Cuarta,9 de Julio,9 de Julio,00696,ESCUELA EP N°24,0208300035X,https://resultados.gob.ar/elecciones/1/59569/1/-1/-1/Buenos-Aires/Secci%C3%B3n-Cuarta/9-de-Julio/9-de-Julio/00696/ESCUELA-EP-N%C2%B024/0208300035X
Buenos Aires,Sección Cuarta,9 de Julio,9 de Julio,00696,ESCUELA EP N°24,0208300036X,https://resultados.gob.ar/elecciones/1/59570/1/-1/-1/Buenos-Aires/Secci%C3%B3n-Cuarta/9-de-Julio/9-de-Julio/00696/ESCUELA-EP-N%C2%B024/0208300036X
Buenos Aires,Sección Cuarta,9 de Julio,9 de Julio,00696,ESCUELA EP N°24,0208300037X,https://resultados.gob.ar/elecciones/1/59571/1/-1/-1/Buenos-Aires/Secci%C3%B3n-Cuarta/9-de-Julio/9-de-Julio/00696/ESCUELA-EP-N%C2%B024/0208300037X
Buenos Aires,Sección Cuarta,9 de Julio,9 de Julio,00696,ESCUELA EP N°24,0208300038X,https://resultados.gob.ar/elecciones/1/59572/1/-1/-1/Buenos-Aires/Secci%C3%B3n-Cuarta/9-de-Julio/9-de-Julio/00696/ESCUELA-EP-N%C2%B024/0208300038X
Buenos Aires,Sección Cuarta,9 de Julio,9 de Julio,00696,ESCUELA EP N°24,0208300039X,https://resultados.gob.ar/elecciones/1/59573/1/-1/-1/Buenos-Aires/Secci%C3%B3n-Cuarta/9-de-Julio/9-de-Julio/00696/ESCUELA-EP-N%C2%B024/0208300039X
Buenos Aires,Sección Cuarta,9 de Julio,9 de Julio,00696,ESCUELA EP N°24,0208300040X,https://resultados.gob.ar/elecciones/1/59574/1/-1/-1/Buenos-Aires/Secci%C3%B3n-Cuarta/9-de-Julio/9-de-Julio/00696/ESCUELA-EP-N%C2%B024/0208300040X
Buenos Aires,Sección Cuarta,9 de Julio,9 de Julio,00696,ESCUELA EP N°3,0208300021X,https://resultados.gob.ar/elecciones/1/59555/1/-1/-1/Buenos-Aires/Secci%C3%B3n-Cuarta/9-de-Julio/9-de-Julio/00696/ESCUELA-EP-N%C2%B03/0208300021X
Buenos Aires,Sección Cuarta,9 de Julio,9 de Julio,00696,ESCUELA EP N°3,0208300022X,https://resultados.gob.ar/elecciones/1/59556/1/-1/-1/Buenos-Aires/Secci%C3%B3n-Cuarta/9-de-Julio/9-de-Julio/00696/ESCUELA-EP-N%C2%B03/0208300022X
Buenos Aires,Sección Cuarta,9 de Julio,9 de Julio,00696,ESCUELA EP N°3,0208300023X,https://resultados.gob.ar/elecciones/1/59557/1/-1/-1/Buenos-Aires/Secci%C3%B3n-Cuarta/9-de-Julio/9-de-Julio/00696/ESCUELA-EP-N%C2%B03/0208300023X
Buenos Aires,Sección Cuarta,9 de Julio,9 de Julio,00696,ESCUELA EP N°3,0208300024X,https://resultados.gob.ar/elecciones/1/59558/1/-1/-1/Buenos-Aires/Secci%C3%B3n-Cuarta/9-de-Julio/9-de-Julio/00696/ESCUELA-EP-N%C2%B03/0208300024X
Buenos Aires,Sección Cuarta,9 de Julio,9 de Julio,00696,ESCUELA EP N°3,0208300025X,https://resultados.gob.ar/elecciones/1/59559/1/-1/-1/Buenos-Aires/Secci%C3%B3n-Cuarta/9-de-Julio/9-de-Julio/00696/ESCUELA-EP-N%C2%B03/0208300025X
Buenos Aires,Sección Cuarta,9 de Julio,9 de Julio,00696,ESCUELA EP N°3,0208300026X,https://resultados.gob.ar/elecciones/1/59560/1/-1/-1/Buenos-Aires/Secci%C3%B3n-Cuarta/9-de-Julio/9-de-Julio/00696/ESCUELA-EP-N%C2%B03/0208300026X
Buenos Aires,Sección Cuarta,9 de Julio,9 de Julio,00696,ESCUELA EP N°3,0208300027X,https://resultados.gob.ar/elecciones/1/59561/1/-1/-1/Buenos-Aires/Secci%C3%B3n-Cuarta/9-de-Julio/9-de-Julio/00696/ESCUELA-EP-N%C2%B03/0208300027X
Buenos Aires,Sección Cuarta,9 de Julio,9 de Julio,00696,ESCUELA EP N°3,0208300028X,https://resultados.gob.ar/elecciones/1/59562/1/-1/-1/Buenos-Aires/Secci%C3%B3n-Cuarta/9-de-Julio/9-de-Julio/00696/ESCUELA-EP-N%C2%B03/0208300028X
Buenos Aires,Sección Cuarta,9 de Julio,9 de Julio,00696,ESCUELA EP N°3,0208300029X,https://resultados.gob.ar/elecciones/1/59563/1/-1/-1/Buenos-Aires/Secci%C3%B3n-Cuarta/9-de-Julio/9-de-Julio/00696/ESCUELA-EP-N%C2%B03/0208300029X
Buenos Aires,Sección Cuarta,9 de Julio,9 de Julio,00696,ESCUELA EP N°3,0208300030X,https://resultados.gob.ar/elecciones/1/59564/1/-1/-1/Buenos-Aires/Secci%C3%B3n-Cuarta/9-de-Julio/9-de-Julio/00696/ESCUELA-EP-N%C2%B03/0208300030X
Buenos Aires,Sección Cuarta,9 de Julio,9 de Julio,00696,ESCUELA EP N°4/ES N°12,0208300001X,https://resultados.gob.ar/elecciones/1/59535/1/-1/-1/Buenos-Aires/Secci%C3%B3n-Cuarta/9-de-Julio/9-de-Julio/00696/ESCUELA-EP-N%C2%B04%2FES-N%C2%B012/0208300001X
Buenos Aires,Sección Cuarta,9 de Julio,9 de Julio,00696,ESCUELA EP N°4/ES N°12,0208300002X,https://resultados.gob.ar/elecciones/1/59536/1/-1/-1/Buenos-Aires/Secci%C3%B3n-Cuarta/9-de-Julio/9-de-Julio/00696/ESCUELA-EP-N%C2%B04%2FES-N%C2%B012/0208300002X
Buenos Aires,Sección Cuarta,9 de Julio,9 de Julio,00696,ESCUELA EP N°4/ES N°12,0208300003X,https://resultados.gob.ar/elecciones/1/59537/1/-1/-1/Buenos-Aires/Secci%C3%B3n-Cuarta/9-de-Julio/9-de-Julio/00696/ESCUELA-EP-N%C2%B04%2FES-N%C2%B012/0208300003X
Buenos Aires,Sección Cuarta,9 de Julio,9 de Julio,00696,ESCUELA EP N°4/ES N°12,0208300004X,https://resultados.gob.ar/elecciones/1/59538/1/-1/-1/Buenos-Aires/Secci%C3%B3n-Cuarta/9-de-Julio/9-de-Julio/00696/ESCUELA-EP-N%C2%B04%2FES-N%C2%B012/0208300004X
Buenos Aires,Sección Cuarta,9 de Julio,9 de Julio,00696,ESCUELA EP N°4/ES N°12,0208300005X,https://resultados.gob.ar/elecciones/1/59539/1/-1/-1/Buenos-Aires/Secci%C3%B3n-Cuarta/9-de-Julio/9-de-Julio/00696/ESCUELA-EP-N%C2%B04%2FES-N%C2%B012/0208300005X
Buenos Aires,Sección Cuarta,9 de Julio,9 de Julio,00696,ESCUELA EP N°4/ES N°12,0208300006X,https://resultados.gob.ar/elecciones/1/59540/1/-1/-1/Buenos-Aires/Secci%C3%B3n-Cuarta/9-de-Julio/9-de-Julio/00696/ESCUELA-EP-N%C2%B04%2FES-N%C2%B012/0208300006X
Buenos Aires,Sección Cuarta,9 de Julio,9 de Julio,00696,ESCUELA EP N°4/ES N°12,0208300007X,https://resultados.gob.ar/elecciones/1/59541/1/-1/-1/Buenos-Aires/Secci%C3%B3n-Cuarta/9-de-Julio/9-de-Julio/00696/ESCUELA-EP-N%C2%B04%2FES-N%C2%B012/0208300007X
Buenos Aires,Sección Cuarta,9 de Julio,9 de Julio,00696,ESCUELA EP N°4/ES N°12,0208300008X,https://resultados.gob.ar/elecciones/1/59542/1/-1/-1/Buenos-Aires/Secci%C3%B3n-Cuarta/9-de-Julio/9-de-Julio/00696/ESCUELA-EP-N%C2%B04%2FES-N%C2%B012/0208300008X
Buenos Aires,Sección Cuarta,9 de Julio,9 de Julio,00696,ESCUELA EP N°4/ES N°12,0208300009X,https://resultados.gob.ar/elecciones/1/59543/1/-1/-1/Buenos-Aires/Secci%C3%B3n-Cuarta/9-de-Julio/9-de-Julio/00696/ESCUELA-EP-N%C2%B04%2FES-N%C2%B012/0208300009X
Buenos Aires,Sección Cuarta,9 de Julio,9 de Julio,00696,ESCUELA EP N°5,0208300041X,https://resultados.gob.ar/elecciones/1/59575/1/-1/-1/Buenos-Aires/Secci%C3%B3n-Cuarta/9-de-Julio/9-de-Julio/00696/ESCUELA-EP-N%C2%B05/0208300041X
Buenos Aires,Sección Cuarta,9 de Julio,9 de Julio,00696,ESCUELA EP N°5,0208300042X,https://resultados.gob.ar/elecciones/1/59576/1/-1/-1/Buenos-Aires/Secci%C3%B3n-Cuarta/9-de-Julio/9-de-Julio/00696/ESCUELA-EP-N%C2%B05/0208300042X
Buenos Aires,Sección Cuarta,9 de Julio,9 de Julio,00696,ESCUELA EP N°5,0208300043X,https://resultados.gob.ar/elecciones/1/59577/1/-1/-1/Buenos-Aires/Secci%C3%B3n-Cuarta/9-de-Julio/9-de-Julio/00696/ESCUELA-EP-N%C2%B05/0208300043X
Buenos Aires,Sección Cuarta,9 de Julio,9 de Julio,00696,ESCUELA EP N°5,0208300044X,https://resultados.gob.ar/elecciones/1/59578/1/-1/-1/Buenos-Aires/Secci%C3%B3n-Cuarta/9-de-Julio/9-de-Julio/00696/ESCUELA-EP-N%C2%B05/0208300044X
Buenos Aires,Sección Cuarta,9 de Julio,9 de Julio,00696,ESCUELA EP N°52,0208300069X,https://resultados.gob.ar/elecciones/1/59603/1/-1/-1/Buenos-Aires/Secci%C3%B3n-Cuarta/9-de-Julio/9-de-Julio/00696/ESCUELA-EP-N%C2%B052/0208300069X
Buenos Aires,Sección Cuarta,9 de Julio,9 de Julio,00696,ESCUELA EP N°52,0208300070X,https://resultados.gob.ar/elecciones/1/59604/1/-1/-1/Buenos-Aires/Secci%C3%B3n-Cuarta/9-de-Julio/9-de-Julio/00696/ESCUELA-EP-N%C2%B052/0208300070X
Buenos Aires,Sección Cuarta,9 de Julio,9 de Julio,00696,ESCUELA EP N°52,0208300071X,https://resultados.gob.ar/elecciones/1/59605/1/-1/-1/Buenos-Aires/Secci%C3%B3n-Cuarta/9-de-Julio/9-de-Julio/00696/ESCUELA-EP-N%C2%B052/0208300071X
Buenos Aires,Sección Cuarta,9 de Julio,9 de Julio,00696,ESCUELA EP N°52,0208300072X,https://resultados.gob.ar/elecciones/1/59606/1/-1/-1/Buenos-Aires/Secci%C3%B3n-Cuarta/9-de-Julio/9-de-Julio/00696/ESCUELA-EP-N%C2%B052/0208300072X
Buenos Aires,Sección Cuarta,9 de Julio,9 de Julio,00696,ESCUELA EP N°52,0208300073X,https://resultados.gob.ar/elecciones/1/59607/1/-1/-1/Buenos-Aires/Secci%C3%B3n-Cuarta/9-de-Julio/9-de-Julio/00696/ESCUELA-EP-N%C2%B052/0208300073X
Buenos Aires,Sección Cuarta,9 de Julio,9 de Julio,00696,ESCUELA EP N°52,0208300074X,https://resultados.gob.ar/elecciones/1/59608/1/-1/-1/Buenos-Aires/Secci%C3%B3n-Cuarta/9-de-Julio/9-de-Julio/00696/ESCUELA-EP-N%C2%B052/0208300074X
Buenos Aires,Sección Cuarta,9 de Julio,9 de Julio,00696,ESCUELA EST N°1,0208300085X,https://resultados.gob.ar/elecciones/1/59619/1/-1/-1/Buenos-Aires/Secci%C3%B3n-Cuarta/9-de-Julio/9-de-Julio/00696/ESCUELA-EST-N%C2%B01/0208300085X
Buenos Aires,Sección Cuarta,9 de Julio,9 de Julio,00696,ESCUELA EST N°1,0208300086X,https://resultados.gob.ar/elecciones/1/59620/1/-1/-1/Buenos-Aires/Secci%C3%B3n-Cuarta/9-de-Julio/9-de-Julio/00696/ESCUELA-EST-N%C2%B01/0208300086X
Buenos Aires,Sección Cuarta,9 de Julio,9 de Julio,00696,ESCUELA EST N°1,0208300087X,https://resultados.gob.ar/elecciones/1/59621/1/-1/-1/Buenos-Aires/Secci%C3%B3n-Cuarta/9-de-Julio/9-de-Julio/00696/ESCUELA-EST-N%C2%B01/0208300087X
Buenos Aires,Sección Cuarta,9 de Julio,9 de Julio,00696,ESCUELA EST N°1,0208300088X,https://resultados.gob.ar/elecciones/1/59622/1/-1/-1/Buenos-Aires/Secci%C3%B3n-Cuarta/9-de-Julio/9-de-Julio/00696/ESCUELA-EST-N%C2%B01/0208300088X
Buenos Aires,Sección Cuarta,9 de Julio,9 de Julio,00696,ESCUELA EST N°1,0208300089X,https://resultados.gob.ar/elecciones/1/59623/1/-1/-1/Buenos-Aires/Secci%C3%B3n-Cuarta/9-de-Julio/9-de-Julio/00696/ESCUELA-EST-N%C2%B01/0208300089X
Buenos Aires,Sección Cuarta,9 de Julio,9 de Julio,00696,ESCUELA EST N°1,0208300090X,https://resultados.gob.ar/elecciones/1/59624/1/-1/-1/Buenos-Aires/Secci%C3%B3n-Cuarta/9-de-Julio/9-de-Julio/00696/ESCUELA-EST-N%C2%B01/0208300090X
Buenos Aires,Sección Cuarta,9 de Julio,9 de Julio,00696,ESCUELA EST N°2,0208300053X,https://resultados.gob.ar/elecciones/1/59587/1/-1/-1/Buenos-Aires/Secci%C3%B3n-Cuarta/9-de-Julio/9-de-Julio/00696/ESCUELA-EST-N%C2%B02/0208300053X
Buenos Aires,Sección Cuarta,9 de Julio,9 de Julio,00696,ESCUELA EST N°2,0208300054X,https://resultados.gob.ar/elecciones/1/59588/1/-1/-1/Buenos-Aires/Secci%C3%B3n-Cuarta/9-de-Julio/9-de-Julio/00696/ESCUELA-EST-N%C2%B02/0208300054X
Buenos Aires,Sección Cuarta,9 de Julio,9 de Julio,00696,ESCUELA EST N°2,0208300055X,https://resultados.gob.ar/elecciones/1/59589/1/-1/-1/Buenos-Aires/Secci%C3%B3n-Cuarta/9-de-Julio/9-de-Julio/00696/ESCUELA-EST-N%C2%B02/0208300055X
Buenos Aires,Sección Cuarta,9 de Julio,9 de Julio,00696,ESCUELA EST N°2,0208300056X,https://resultados.gob.ar/elecciones/1/59590/1/-1/-1/Buenos-Aires/Secci%C3%B3n-Cuarta/9-de-Julio/9-de-Julio/00696/ESCUELA-EST-N%C2%B02/0208300056X
Buenos Aires,Sección Cuarta,9 de Julio,9 de Julio,00696,ESCUELA EST N°2,0208300057X,https://resultados.gob.ar/elecciones/1/59591/1/-1/-1/Buenos-Aires/Secci%C3%B3n-Cuarta/9-de-Julio/9-de-Julio/00696/ESCUELA-EST-N%C2%B02/0208300057X
Buenos Aires,Sección Cuarta,9 de Julio,9 de Julio,00696,ESCUELA EST N°2,0208300058X,https://resultados.gob.ar/elecciones/1/59592/1/-1/-1/Buenos-Aires/Secci%C3%B3n-Cuarta/9-de-Julio/9-de-Julio/00696/ESCUELA-EST-N%C2%B02/0208300058X
Buenos Aires,Sección Cuarta,9 de Julio,9 de Julio,00696,ESCUELA EST N°2,0208300059X,https://resultados.gob.ar/elecciones/1/59593/1/-1/-1/Buenos-Aires/Secci%C3%B3n-Cuarta/9-de-Julio/9-de-Julio/00696/ESCUELA-EST-N%C2%B02/0208300059X
Buenos Aires,Sección Cuarta,9 de Julio,9 de Julio,00696,ESCUELA EST N°2,0208300060X,https://resultados.gob.ar/elecciones/1/59594/1/-1/-1/Buenos-Aires/Secci%C3%B3n-Cuarta/9-de-Julio/9-de-Julio/00696/ESCUELA-EST-N%C2%B02/0208300060X
Buenos Aires,Sección Cuarta,9 de Julio,9 de Julio,00696,ESCUELA NORMAL SUPERIOR NUEVE DE JULIO,0208300045X,https://resultados.gob.ar/elecciones/1/59579/1/-1/-1/Buenos-Aires/Secci%C3%B3n-Cuarta/9-de-Julio/9-de-Julio/00696/ESCUELA-NORMAL-SUPERIOR-NUEVE-DE-JULIO/0208300045X
Buenos Aires,Sección Cuarta,9 de Julio,9 de Julio,00696,ESCUELA NORMAL SUPERIOR NUEVE DE JULIO,0208300046X,https://resultados.gob.ar/elecciones/1/59580/1/-1/-1/Buenos-Aires/Secci%C3%B3n-Cuarta/9-de-Julio/9-de-Julio/00696/ESCUELA-NORMAL-SUPERIOR-NUEVE-DE-JULIO/0208300046X
Buenos Aires,Sección Cuarta,9 de Julio,9 de Julio,00696,ESCUELA NORMAL SUPERIOR NUEVE DE JULIO,0208300047X,https://resultados.gob.ar/elecciones/1/59581/1/-1/-1/Buenos-Aires/Secci%C3%B3n-Cuarta/9-de-Julio/9-de-Julio/00696/ESCUELA-NORMAL-SUPERIOR-NUEVE-DE-JULIO/0208300047X
Buenos Aires,Sección Cuarta,9 de Julio,9 de Julio,00696,ESCUELA NORMAL SUPERIOR NUEVE DE JULIO,0208300048X,https://resultados.gob.ar/elecciones/1/59582/1/-1/-1/Buenos-Aires/Secci%C3%B3n-Cuarta/9-de-Julio/9-de-Julio/00696/ESCUELA-NORMAL-SUPERIOR-NUEVE-DE-JULIO/0208300048X
Buenos Aires,Sección Cuarta,9 de Julio,9 de Julio,00696,ESCUELA NORMAL SUPERIOR NUEVE DE JULIO,0208300049X,https://resultados.gob.ar/elecciones/1/59583/1/-1/-1/Buenos-Aires/Secci%C3%B3n-Cuarta/9-de-Julio/9-de-Julio/00696/ESCUELA-NORMAL-SUPERIOR-NUEVE-DE-JULIO/0208300049X
Buenos Aires,Sección Cuarta,9 de Julio,9 de Julio,00696,ESCUELA NORMAL SUPERIOR NUEVE DE JULIO,0208300050X,https://resultados.gob.ar/elecciones/1/59584/1/-1/-1/Buenos-Aires/Secci%C3%B3n-Cuarta/9-de-Julio/9-de-Julio/00696/ESCUELA-NORMAL-SUPERIOR-NUEVE-DE-JULIO/0208300050X
Buenos Aires,Sección Cuarta,9 de Julio,9 de Julio,00696,ESCUELA NORMAL SUPERIOR NUEVE DE JULIO,0208300051X,https://resultados.gob.ar/elecciones/1/59585/1/-1/-1/Buenos-Aires/Secci%C3%B3n-Cuarta/9-de-Julio/9-de-Julio/00696/ESCUELA-NORMAL-SUPERIOR-NUEVE-DE-JULIO/0208300051X
Buenos Aires,Sección Cuarta,9 de Julio,9 de Julio,00696,ESCUELA NORMAL SUPERIOR NUEVE DE JULIO,0208300052X,https://resultados.gob.ar/elecciones/1/59586/1/-1/-1/Buenos-Aires/Secci%C3%B3n-Cuarta/9-de-Julio/9-de-Julio/00696/ESCUELA-NORMAL-SUPERIOR-NUEVE-DE-JULIO/0208300052X
Buenos Aires,Sección Cuarta,9 de Julio,9 de Julio,00696,INSTITUTO SAN AGUSTIN(EP/ES),0208300081X,https://resultados.gob.ar/elecciones/1/59615/1/-1/-1/Buenos-Aires/Secci%C3%B3n-Cuarta/9-de-Julio/9-de-Julio/00696/INSTITUTO-SAN-AGUSTIN(EP%2FES)/0208300081X
Buenos Aires,Sección Cuarta,9 de Julio,9 de Julio,00696,INSTITUTO SAN AGUSTIN(EP/ES),0208300082X,https://resultados.gob.ar/elecciones/1/59616/1/-1/-1/Buenos-Aires/Secci%C3%B3n-Cuarta/9-de-Julio/9-de-Julio/00696/INSTITUTO-SAN-AGUSTIN(EP%2FES)/0208300082X
Buenos Aires,Sección Cuarta,9 de Julio,9 de Julio,00696,INSTITUTO SAN AGUSTIN(EP/ES),0208300083X,https://resultados.gob.ar/elecciones/1/59617/1/-1/-1/Buenos-Aires/Secci%C3%B3n-Cuarta/9-de-Julio/9-de-Julio/00696/INSTITUTO-SAN-AGUSTIN(EP%2FES)/0208300083X
Buenos Aires,Sección Cuarta,9 de Julio,9 de Julio,00696,INSTITUTO SAN AGUSTIN(EP/ES),0208300084X,https://resultados.gob.ar/elecciones/1/59618/1/-1/-1/Buenos-Aires/Secci%C3%B3n-Cuarta/9-de-Julio/9-de-Julio/00696/INSTITUTO-SAN-AGUSTIN(EP%2FES)/0208300084X
Buenos Aires,Sección Cuarta,9 de Julio,9 de Julio,00696,INSTITUTO SUPERIOR EXPERIMENTAL DE TECNOLOGIA ALIMENTARIA,0208300061X,https://resultados.gob.ar/elecciones/1/59595/1/-1/-1/Buenos-Aires/Secci%C3%B3n-Cuarta/9-de-Julio/9-de-Julio/00696/INSTITUTO-SUPERIOR-EXPERIMENTAL-DE-TECNOLOGIA-ALIMENTARIA/0208300061X
Buenos Aires,Sección Cuarta,9 de Julio,9 de Julio,00696,INSTITUTO SUPERIOR EXPERIMENTAL DE TECNOLOGIA ALIMENTARIA,0208300062X,https://resultados.gob.ar/elecciones/1/59596/1/-1/-1/Buenos-Aires/Secci%C3%B3n-Cuarta/9-de-Julio/9-de-Julio/00696/INSTITUTO-SUPERIOR-EXPERIMENTAL-DE-TECNOLOGIA-ALIMENTARIA/0208300062X
Buenos Aires,Sección Cuarta,9 de Julio,9 de Julio,00696,INSTITUTO SUPERIOR EXPERIMENTAL DE TECNOLOGIA ALIMENTARIA,0208300063X,https://resultados.gob.ar/elecciones/1/59597/1/-1/-1/Buenos-Aires/Secci%C3%B3n-Cuarta/9-de-Julio/9-de-Julio/00696/INSTITUTO-SUPERIOR-EXPERIMENTAL-DE-TECNOLOGIA-ALIMENTARIA/0208300063X
Buenos Aires,Sección Cuarta,9 de Julio,9 de Julio,00696,INSTITUTO SUPERIOR EXPERIMENTAL DE TECNOLOGIA ALIMENTARIA,0208300064X,https://resultados.gob.ar/elecciones/1/59598/1/-1/-1/Buenos-Aires/Secci%C3%B3n-Cuarta/9-de-Julio/9-de-Julio/00696/INSTITUTO-SUPERIOR-EXPERIMENTAL-DE-TECNOLOGIA-ALIMENTARIA/0208300064X
Buenos Aires,Sección Cuarta,9 de Julio,9 de Julio,00696,INSTITUTO SUPERIOR EXPERIMENTAL DE TECNOLOGIA ALIMENTARIA,0208300065X,https://resultados.gob.ar/elecciones/1/59599/1/-1/-1/Buenos-Aires/Secci%C3%B3n-Cuarta/9-de-Julio/9-de-Julio/00696/INSTITUTO-SUPERIOR-EXPERIMENTAL-DE-TECNOLOGIA-ALIMENTARIA/0208300065X
Buenos Aires,Sección Cuarta,9 de Julio,9 de Julio,00696,INSTITUTO SUPERIOR EXPERIMENTAL DE TECNOLOGIA ALIMENTARIA,0208300066X,https://resultados.gob.ar/elecciones/1/59600/1/-1/-1/Buenos-Aires/Secci%C3%B3n-Cuarta/9-de-Julio/9-de-Julio/00696/INSTITUTO-SUPERIOR-EXPERIMENTAL-DE-TECNOLOGIA-ALIMENTARIA/0208300066X
Buenos Aires,Sección Cuarta,9 de Julio,9 de Julio,00696,INSTITUTO SUPERIOR EXPERIMENTAL DE TECNOLOGIA ALIMENTARIA,0208300067X,https://resultados.gob.ar/elecciones/1/59601/1/-1/-1/Buenos-Aires/Secci%C3%B3n-Cuarta/9-de-Julio/9-de-Julio/00696/INSTITUTO-SUPERIOR-EXPERIMENTAL-DE-TECNOLOGIA-ALIMENTARIA/0208300067X
Buenos Aires,Sección Cuarta,9 de Julio,9 de Julio,00696,INSTITUTO SUPERIOR EXPERIMENTAL DE TECNOLOGIA ALIMENTARIA,0208300068X,https://resultados.gob.ar/elecciones/1/59602/1/-1/-1/Buenos-Aires/Secci%C3%B3n-Cuarta/9-de-Julio/9-de-Julio/00696/INSTITUTO-SUPERIOR-EXPERIMENTAL-DE-TECNOLOGIA-ALIMENTARIA/0208300068X
Buenos Aires,Sección Cuarta,9 de Julio,9 de Julio,00696,JARDIN DE INFANTES Nº909,0208300031X,https://resultados.gob.ar/elecciones/1/59565/1/-1/-1/Buenos-Aires/Secci%C3%B3n-Cuarta/9-de-Julio/9-de-Julio/00696/JARDIN-DE-INFANTES-N%C2%BA909/0208300031X
Buenos Aires,Sección Cuarta,9 de Julio,9 de Julio,00696,JARDIN DE INFANTES Nº909,0208300032X,https://resultados.gob.ar/elecciones/1/59566/1/-1/-1/Buenos-Aires/Secci%C3%B3n-Cuarta/9-de-Julio/9-de-Julio/00696/JARDIN-DE-INFANTES-N%C2%BA909/0208300032X
Buenos Aires,Sección Cuarta,9 de Julio,9 de Julio,00696,JARDIN DE INFANTES Nº909,0208300033X,https://resultados.gob.ar/elecciones/1/59567/1/-1/-1/Buenos-Aires/Secci%C3%B3n-Cuarta/9-de-Julio/9-de-Julio/00696/JARDIN-DE-INFANTES-N%C2%BA909/0208300033X
Buenos Aires,Sección Cuarta,9 de Julio,9 de Julio,00696,JARDIN DE INFANTES Nº909,0208300034X,https://resultados.gob.ar/elecciones/1/59568/1/-1/-1/Buenos-Aires/Secci%C3%B3n-Cuarta/9-de-Julio/9-de-Julio/00696/JARDIN-DE-INFANTES-N%C2%BA909/0208300034X
Buenos Aires,Sección Cuarta,9 de Julio,9 de Julio,00697,ESCUELA EP N°10,0208300102X,https://resultados.gob.ar/elecciones/1/59636/1/-1/-1/Buenos-Aires/Secci%C3%B3n-Cuarta/9-de-Julio/9-de-Julio/00697/ESCUELA-EP-N%C2%B010/0208300102X
Buenos Aires,Sección Cuarta,9 de Julio,9 de Julio,00698,ESCUELA EP N°7/ES N°9,0208300103X,https://resultados.gob.ar/elecciones/1/59637/1/-1/-1/Buenos-Aires/Secci%C3%B3n-Cuarta/9-de-Julio/9-de-Julio/00698/ESCUELA-EP-N%C2%B07%2FES-N%C2%B09/0208300103X
Buenos Aires,Sección Cuarta,9 de Julio,9 de Julio,00698,ESCUELA EP N°7/ES N°9,0208300104X,https://resultados.gob.ar/elecciones/1/59638/1/-1/-1/Buenos-Aires/Secci%C3%B3n-Cuarta/9-de-Julio/9-de-Julio/00698/ESCUELA-EP-N%C2%B07%2FES-N%C2%B09/0208300104X
Buenos Aires,Sección Cuarta,9 de Julio,9 de Julio,00698,ESCUELA EP N°7/ES N°9,0208300105X,https://resultados.gob.ar/elecciones/1/59639/1/-1/-1/Buenos-Aires/Secci%C3%B3n-Cuarta/9-de-Julio/9-de-Julio/00698/ESCUELA-EP-N%C2%B07%2FES-N%C2%B09/0208300105X
Buenos Aires,Sección Cuarta,9 de Julio,9 de Julio,00699,ESCUELA EP N°12/ES N°5,0208300106X,https://resultados.gob.ar/elecciones/1/59640/1/-1/-1/Buenos-Aires/Secci%C3%B3n-Cuarta/9-de-Julio/9-de-Julio/00699/ESCUELA-EP-N%C2%B012%2FES-N%C2%B05/0208300106X
Buenos Aires,Sección Cuarta,9 de Julio,9 de Julio,00699,ESCUELA EP N°12/ES N°5,0208300107X,https://resultados.gob.ar/elecciones/1/59641/1/-1/-1/Buenos-Aires/Secci%C3%B3n-Cuarta/9-de-Julio/9-de-Julio/00699/ESCUELA-EP-N%C2%B012%2FES-N%C2%B05/0208300107X
Buenos Aires,Sección Cuarta,9 de Julio,9 de Julio,00699,ESCUELA EP N°12/ES N°5,0208300108X,https://resultados.gob.ar/elecciones/1/59642/1/-1/-1/Buenos-Aires/Secci%C3%B3n-Cuarta/9-de-Julio/9-de-Julio/00699/ESCUELA-EP-N%C2%B012%2FES-N%C2%B05/0208300108X
Buenos Aires,Sección Cuarta,9 de Julio,9 de Julio,00700,ESCUELA EP N°18/ES N°2,0208300109X,https://resultados.gob.ar/elecciones/1/59643/1/-1/-1/Buenos-Aires/Secci%C3%B3n-Cuarta/9-de-Julio/9-de-Julio/00700/ESCUELA-EP-N%C2%B018%2FES-N%C2%B02/0208300109X
Buenos Aires,Sección Cuarta,9 de Julio,9 de Julio,00700,ESCUELA EP N°18/ES N°2,0208300110X,https://resultados.gob.ar/elecciones/1/59644/1/-1/-1/Buenos-Aires/Secci%C3%B3n-Cuarta/9-de-Julio/9-de-Julio/00700/ESCUELA-EP-N%C2%B018%2FES-N%C2%B02/0208300110X
Buenos Aires,Sección Cuarta,9 de Julio,9 de Julio,00701,ESCUELA EP N°17/ES N°1,0208300111X,https://resultados.gob.ar/elecciones/1/59645/1/-1/-1/Buenos-Aires/Secci%C3%B3n-Cuarta/9-de-Julio/9-de-Julio/00701/ESCUELA-EP-N%C2%B017%2FES-N%C2%B01/0208300111X
Buenos Aires,Sección Cuarta,9 de Julio,9 de Julio,00701,ESCUELA EP N°17/ES N°1,0208300112X,https://resultados.gob.ar/elecciones/1/59646/1/-1/-1/Buenos-Aires/Secci%C3%B3n-Cuarta/9-de-Julio/9-de-Julio/00701/ESCUELA-EP-N%C2%B017%2FES-N%C2%B01/0208300112X
Buenos Aires,Sección Cuarta,9 de Julio,9 de Julio,00703,ESCUELA EP N°13,0208300116X,https://resultados.gob.ar/elecciones/1/59650/1/-1/-1/Buenos-Aires/Secci%C3%B3n-Cuarta/9-de-Julio/9-de-Julio/00703/ESCUELA-EP-N%C2%B013/0208300116X
Buenos Aires,Sección Cuarta,9 de Julio,9 de Julio,00703,ESCUELA EP N°13,0208300117X,https://resultados.gob.ar/elecciones/1/59651/1/-1/-1/Buenos-Aires/Secci%C3%B3n-Cuarta/9-de-Julio/9-de-Julio/00703/ESCUELA-EP-N%C2%B013/0208300117X
Buenos Aires,Sección Cuarta,9 de Julio,9 de Julio,00703,ESCUELA EP N°13,0208300118X,https://resultados.gob.ar/elecciones/1/59652/1/-1/-1/Buenos-Aires/Secci%C3%B3n-Cuarta/9-de-Julio/9-de-Julio/00703/ESCUELA-EP-N%C2%B013/0208300118X
Buenos Aires,Sección Cuarta,9 de Julio,9 de Julio,00703,ESCUELA EP N°13,0208300119X,https://resultados.gob.ar/elecciones/1/59653/1/-1/-1/Buenos-Aires/Secci%C3%B3n-Cuarta/9-de-Julio/9-de-Julio/00703/ESCUELA-EP-N%C2%B013/0208300119X
Buenos Aires,Sección Cuarta,9 de Julio,9 de Julio,00703,ESCUELA EP N°8,0208300114X,https://resultados.gob.ar/elecciones/1/59648/1/-1/-1/Buenos-Aires/Secci%C3%B3n-Cuarta/9-de-Julio/9-de-Julio/00703/ESCUELA-EP-N%C2%B08/0208300114X
Buenos Aires,Sección Cuarta,9 de Julio,9 de Julio,00703,ESCUELA EP N°8,0208300115X,https://resultados.gob.ar/elecciones/1/59649/1/-1/-1/Buenos-Aires/Secci%C3%B3n-Cuarta/9-de-Julio/9-de-Julio/00703/ESCUELA-EP-N%C2%B08/0208300115X
Buenos Aires,Sección Cuarta,9 de Julio,9 de Julio,00704,ESCUELA EP N°26,0208300120X,https://resultados.gob.ar/elecciones/1/59654/1/-1/-1/Buenos-Aires/Secci%C3%B3n-Cuarta/9-de-Julio/9-de-Julio/00704/ESCUELA-EP-N%C2%B026/0208300120X
Buenos Aires,Sección Cuarta,9 de Julio,9 de Julio,00705,ESCUELA EP N°6,0208300121X,https://resultados.gob.ar/elecciones/1/59655/1/-1/-1/Buenos-Aires/Secci%C3%B3n-Cuarta/9-de-Julio/9-de-Julio/00705/ESCUELA-EP-N%C2%B06/0208300121X
Buenos Aires,Sección Cuarta,9 de Julio,9 de Julio,00706,ESCUELA EP N°15,0208300124X,https://resultados.gob.ar/elecciones/1/59658/1/-1/-1/Buenos-Aires/Secci%C3%B3n-Cuarta/9-de-Julio/9-de-Julio/00706/ESCUELA-EP-N%C2%B015/0208300124X
Buenos Aires,Sección Cuarta,9 de Julio,9 de Julio,00706,ESCUELA EP N°15,0208300125X,https://resultados.gob.ar/elecciones/1/59659/1/-1/-1/Buenos-Aires/Secci%C3%B3n-Cuarta/9-de-Julio/9-de-Julio/00706/ESCUELA-EP-N%C2%B015/0208300125X
Buenos Aires,Sección Cuarta,9 de Julio,9 de Julio,00706,ESCUELA EP N°15,0208300126X,https://resultados.gob.ar/elecciones/1/59660/1/-1/-1/Buenos-Aires/Secci%C3%B3n-Cuarta/9-de-Julio/9-de-Julio/00706/ESCUELA-EP-N%C2%B015/0208300126X
Buenos Aires,Sección Cuarta,9 de Julio,9 de Julio,00706,ESCUELA EP N°15,0208300127X,https://resultados.gob.ar/elecciones/1/59661/1/-1/-1/Buenos-Aires/Secci%C3%B3n-Cuarta/9-de-Julio/9-de-Julio/00706/ESCUELA-EP-N%C2%B015/0208300127X
Buenos Aires,Sección Cuarta,9 de Julio,9 de Julio,00706,ESCUELA EP N°15,0208300128X,https://resultados.gob.ar/elecciones/1/59662/1/-1/-1/Buenos-Aires/Secci%C3%B3n-Cuarta/9-de-Julio/9-de-Julio/00706/ESCUELA-EP-N%C2%B015/0208300128X
Buenos Aires,Sección Cuarta,9 de Julio,9 de Julio,00706,ESCUELA EP N°15,0208300129X,https://resultados.gob.ar/elecciones/1/59663/1/-1/-1/Buenos-Aires/Secci%C3%B3n-Cuarta/9-de-Julio/9-de-Julio/00706/ESCUELA-EP-N%C2%B015/0208300129X
Buenos Aires,Sección Cuarta,9 de Julio,9 de Julio,00706,ESCUELA EP N°15,0208300130X,https://resultados.gob.ar/elecciones/1/59664/1/-1/-1/Buenos-Aires/Secci%C3%B3n-Cuarta/9-de-Julio/9-de-Julio/00706/ESCUELA-EP-N%C2%B015/0208300130X
Buenos Aires,Sección Cuarta,9 de Julio,9 de Julio,00707,ESCUELA EP N°16/ES N°14,0208300131X,https://resultados.gob.ar/elecciones/1/59665/1/-1/-1/Buenos-Aires/Secci%C3%B3n-Cuarta/9-de-Julio/9-de-Julio/00707/ESCUELA-EP-N%C2%B016%2FES-N%C2%B014/0208300131X
Buenos Aires,Sección Cuarta,9 de Julio,9 de Julio,00708,ESCUELA EP N°20,0208300132X,https://resultados.gob.ar/elecciones/1/59666/1/-1/-1/Buenos-Aires/Secci%C3%B3n-Cuarta/9-de-Julio/9-de-Julio/00708/ESCUELA-EP-N%C2%B020/0208300132X
Buenos Aires,Sección Cuarta,9 de Julio,9 de Julio,00709,ESCUELA EP N°22/ES N°8 ANEXO,0208300133X,https://resultados.gob.ar/elecciones/1/59667/1/-1/-1/Buenos-Aires/Secci%C3%B3n-Cuarta/9-de-Julio/9-de-Julio/00709/ESCUELA-EP-N%C2%B022%2FES-N%C2%B08-ANEXO/0208300133X
Buenos Aires,Sección Cuarta,9 de Julio,9 de Julio,0705A,ESCUELA EP N°21,0208300122X,https://resultados.gob.ar/elecciones/1/59656/1/-1/-1/Buenos-Aires/Secci%C3%B3n-Cuarta/9-de-Julio/9-de-Julio/0705A/ESCUELA-EP-N%C2%B021/0208300122X
Buenos Aires,Sección Cuarta,9 de Julio,9 de Julio,0705A,ESCUELA EP N°21,0208300123X,https://resultados.gob.ar/elecciones/1/59657/1/-1/-1/Buenos-Aires/Secci%C3%B3n-Cuarta/9-de-Julio/9-de-Julio/0705A/ESCUELA-EP-N%C2%B021/0208300123X
