Buenos Aires,Sección Primera,Campana,Campana,00155,COLEGIO SAN ROQUE,0201600047X,https://resultados.gob.ar/elecciones/1/37769/1/-1/-1/Buenos-Aires/Secci%C3%B3n-Primera/Campana/Campana/00155/COLEGIO-SAN-ROQUE/0201600047X
Buenos Aires,Sección Primera,Campana,Campana,00155,COLEGIO SAN ROQUE,0201600048X,https://resultados.gob.ar/elecciones/1/37770/1/-1/-1/Buenos-Aires/Secci%C3%B3n-Primera/Campana/Campana/00155/COLEGIO-SAN-ROQUE/0201600048X
Buenos Aires,Sección Primera,Campana,Campana,00155,COLEGIO SAN ROQUE,0201600049X,https://resultados.gob.ar/elecciones/1/37771/1/-1/-1/Buenos-Aires/Secci%C3%B3n-Primera/Campana/Campana/00155/COLEGIO-SAN-ROQUE/0201600049X
Buenos Aires,Sección Primera,Campana,Campana,00155,COLEGIO SAN ROQUE,0201600050X,https://resultados.gob.ar/elecciones/1/37772/1/-1/-1/Buenos-Aires/Secci%C3%B3n-Primera/Campana/Campana/00155/COLEGIO-SAN-ROQUE/0201600050X
Buenos Aires,Sección Primera,Campana,Campana,00155,ESCUELA EP N°1/ES N°24,0201600051X,https://resultados.gob.ar/elecciones/1/37773/1/-1/-1/Buenos-Aires/Secci%C3%B3n-Primera/Campana/Campana/00155/ESCUELA-EP-N%C2%B01%2FES-N%C2%B024/0201600051X
Buenos Aires,Sección Primera,Campana,Campana,00155,ESCUELA EP N°1/ES N°24,0201600052X,https://resultados.gob.ar/elecciones/1/37774/1/-1/-1/Buenos-Aires/Secci%C3%B3n-Primera/Campana/Campana/00155/ESCUELA-EP-N%C2%B01%2FES-N%C2%B024/0201600052X
Buenos Aires,Sección Primera,Campana,Campana,00155,ESCUELA EP N°1/ES N°24,0201600053X,https://resultados.gob.ar/elecciones/1/37775/1/-1/-1/Buenos-Aires/Secci%C3%B3n-Primera/Campana/Campana/00155/ESCUELA-EP-N%C2%B01%2FES-N%C2%B024/0201600053X
Buenos Aires,Sección Primera,Campana,Campana,00155,ESCUELA EP N°1/ES N°24,0201600054X,https://resultados.gob.ar/elecciones/1/37776/1/-1/-1/Buenos-Aires/Secci%C3%B3n-Primera/Campana/Campana/00155/ESCUELA-EP-N%C2%B01%2FES-N%C2%B024/0201600054X
Buenos Aires,Sección Primera,Campana,Campana,00155,ESCUELA EP N°1/ES N°24,0201600055X,https://resultados.gob.ar/elecciones/1/37777/1/-1/-1/Buenos-Aires/Secci%C3%B3n-Primera/Campana/Campana/00155/ESCUELA-EP-N%C2%B01%2FES-N%C2%B024/0201600055X
Buenos Aires,Sección Primera,Campana,Campana,00155,ESCUELA EP N°1/ES N°24,0201600056X,https://resultados.gob.ar/elecciones/1/37778/1/-1/-1/Buenos-Aires/Secci%C3%B3n-Primera/Campana/Campana/00155/ESCUELA-EP-N%C2%B01%2FES-N%C2%B024/0201600056X
Buenos Aires,Sección Primera,Campana,Campana,00155,ESCUELA EP N°1/ES N°24,0201600057X,https://resultados.gob.ar/elecciones/1/37779/1/-1/-1/Buenos-Aires/Secci%C3%B3n-Primera/Campana/Campana/00155/ESCUELA-EP-N%C2%B01%2FES-N%C2%B024/0201600057X
Buenos Aires,Sección Primera,Campana,Campana,00155,ESCUELA EP N°1/ES N°24,0201600058X,https://resultados.gob.ar/elecciones/1/37780/1/-1/-1/Buenos-Aires/Secci%C3%B3n-Primera/Campana/Campana/00155/ESCUELA-EP-N%C2%B01%2FES-N%C2%B024/0201600058X
Buenos Aires,Sección Primera,Campana,Campana,00155,ESCUELA EP N°16/ES N°26,0201600022X,https://resultados.gob.ar/elecciones/1/37744/1/-1/-1/Buenos-Aires/Secci%C3%B3n-Primera/Campana/Campana/00155/ESCUELA-EP-N%C2%B016%2FES-N%C2%B026/0201600022X
Buenos Aires,Sección Primera,Campana,Campana,00155,ESCUELA EP N°16/ES N°26,0201600023X,https://resultados.gob.ar/elecciones/1/37745/1/-1/-1/Buenos-Aires/Secci%C3%B3n-Primera/Campana/Campana/00155/ESCUELA-EP-N%C2%B016%2FES-N%C2%B026/0201600023X
Buenos Aires,Sección Primera,Campana,Campana,00155,ESCUELA EP N°16/ES N°26,0201600024X,https://resultados.gob.ar/elecciones/1/37746/1/-1/-1/Buenos-Aires/Secci%C3%B3n-Primera/Campana/Campana/00155/ESCUELA-EP-N%C2%B016%2FES-N%C2%B026/0201600024X
Buenos Aires,Sección Primera,Campana,Campana,00155,ESCUELA EP N°16/ES N°26,0201600025X,https://resultados.gob.ar/elecciones/1/37747/1/-1/-1/Buenos-Aires/Secci%C3%B3n-Primera/Campana/Campana/00155/ESCUELA-EP-N%C2%B016%2FES-N%C2%B026/0201600025X
Buenos Aires,Sección Primera,Campana,Campana,00155,ESCUELA EP N°16/ES N°26,0201600026X,https://resultados.gob.ar/elecciones/1/37748/1/-1/-1/Buenos-Aires/Secci%C3%B3n-Primera/Campana/Campana/00155/ESCUELA-EP-N%C2%B016%2FES-N%C2%B026/0201600026X
Buenos Aires,Sección Primera,Campana,Campana,00155,ESCUELA EP N°16/ES N°26,0201600027X,https://resultados.gob.ar/elecciones/1/37749/1/-1/-1/Buenos-Aires/Secci%C3%B3n-Primera/Campana/Campana/00155/ESCUELA-EP-N%C2%B016%2FES-N%C2%B026/0201600027X
Buenos Aires,Sección Primera,Campana,Campana,00155,ESCUELA EP N°16/ES N°26,0201600028X,https://resultados.gob.ar/elecciones/1/37750/1/-1/-1/Buenos-Aires/Secci%C3%B3n-Primera/Campana/Campana/00155/ESCUELA-EP-N%C2%B016%2FES-N%C2%B026/0201600028X
Buenos Aires,Sección Primera,Campana,Campana,00155,ESCUELA EP N°16/ES N°26,0201600029X,https://resultados.gob.ar/elecciones/1/37751/1/-1/-1/Buenos-Aires/Secci%C3%B3n-Primera/Campana/Campana/00155/ESCUELA-EP-N%C2%B016%2FES-N%C2%B026/0201600029X
Buenos Aires,Sección Primera,Campana,Campana,00155,ESCUELA EP N°16/ES N°26,0201600030X,https://resultados.gob.ar/elecciones/1/37752/1/-1/-1/Buenos-Aires/Secci%C3%B3n-Primera/Campana/Campana/00155/ESCUELA-EP-N%C2%B016%2FES-N%C2%B026/0201600030X
Buenos Aires,Sección Primera,Campana,Campana,00155,ESCUELA EP N°19/ES N°10,0201600039X,https://resultados.gob.ar/elecciones/1/37761/1/-1/-1/Buenos-Aires/Secci%C3%B3n-Primera/Campana/Campana/00155/ESCUELA-EP-N%C2%B019%2FES-N%C2%B010/0201600039X
Buenos Aires,Sección Primera,Campana,Campana,00155,ESCUELA EP N°19/ES N°10,0201600040X,https://resultados.gob.ar/elecciones/1/37762/1/-1/-1/Buenos-Aires/Secci%C3%B3n-Primera/Campana/Campana/00155/ESCUELA-EP-N%C2%B019%2FES-N%C2%B010/0201600040X
Buenos Aires,Sección Primera,Campana,Campana,00155,ESCUELA EP N°19/ES N°10,0201600041X,https://resultados.gob.ar/elecciones/1/37763/1/-1/-1/Buenos-Aires/Secci%C3%B3n-Primera/Campana/Campana/00155/ESCUELA-EP-N%C2%B019%2FES-N%C2%B010/0201600041X
Buenos Aires,Sección Primera,Campana,Campana,00155,ESCUELA EP N°19/ES N°10,0201600042X,https://resultados.gob.ar/elecciones/1/37764/1/-1/-1/Buenos-Aires/Secci%C3%B3n-Primera/Campana/Campana/00155/ESCUELA-EP-N%C2%B019%2FES-N%C2%B010/0201600042X
Buenos Aires,Sección Primera,Campana,Campana,00155,ESCUELA EP N°19/ES N°10,0201600043X,https://resultados.gob.ar/elecciones/1/37765/1/-1/-1/Buenos-Aires/Secci%C3%B3n-Primera/Campana/Campana/00155/ESCUELA-EP-N%C2%B019%2FES-N%C2%B010/0201600043X
Buenos Aires,Sección Primera,Campana,Campana,00155,ESCUELA EP N°19/ES N°10,0201600044X,https://resultados.gob.ar/elecciones/1/37766/1/-1/-1/Buenos-Aires/Secci%C3%B3n-Primera/Campana/Campana/00155/ESCUELA-EP-N%C2%B019%2FES-N%C2%B010/0201600044X
Buenos Aires,Sección Primera,Campana,Campana,00155,ESCUELA EP N°19/ES N°10,0201600045X,https://resultados.gob.ar/elecciones/1/37767/1/-1/-1/Buenos-Aires/Secci%C3%B3n-Primera/Campana/Campana/00155/ESCUELA-EP-N%C2%B019%2FES-N%C2%B010/0201600045X
Buenos Aires,Sección Primera,Campana,Campana,00155,ESCUELA EP N°19/ES N°10,0201600046X,https://resultados.gob.ar/elecciones/1/37768/1/-1/-1/Buenos-Aires/Secci%C3%B3n-Primera/Campana/Campana/00155/ESCUELA-EP-N%C2%B019%2FES-N%C2%B010/0201600046X
Buenos Aires,Sección Primera,Campana,Campana,00155,ESCUELA EP N°2/ES N°22,0201600031X,https://resultados.gob.ar/elecciones/1/37753/1/-1/-1/Buenos-Aires/Secci%C3%B3n-Primera/Campana/Campana/00155/ESCUELA-EP-N%C2%B02%2FES-N%C2%B022/0201600031X
Buenos Aires,Sección Primera,Campana,Campana,00155,ESCUELA EP N°2/ES N°22,0201600032X,https://resultados.gob.ar/elecciones/1/37754/1/-1/-1/Buenos-Aires/Secci%C3%B3n-Primera/Campana/Campana/00155/ESCUELA-EP-N%C2%B02%2FES-N%C2%B022/0201600032X
Buenos Aires,Sección Primera,Campana,Campana,00155,ESCUELA EP N°2/ES N°22,0201600033X,https://resultados.gob.ar/elecciones/1/37755/1/-1/-1/Buenos-Aires/Secci%C3%B3n-Primera/Campana/Campana/00155/ESCUELA-EP-N%C2%B02%2FES-N%C2%B022/0201600033X
Buenos Aires,Sección Primera,Campana,Campana,00155,ESCUELA EP N°2/ES N°22,0201600034X,https://resultados.gob.ar/elecciones/1/37756/1/-1/-1/Buenos-Aires/Secci%C3%B3n-Primera/Campana/Campana/00155/ESCUELA-EP-N%C2%B02%2FES-N%C2%B022/0201600034X
Buenos Aires,Sección Primera,Campana,Campana,00155,ESCUELA EP N°2/ES N°22,0201600035X,https://resultados.gob.ar/elecciones/1/37757/1/-1/-1/Buenos-Aires/Secci%C3%B3n-Primera/Campana/Campana/00155/ESCUELA-EP-N%C2%B02%2FES-N%C2%B022/0201600035X
Buenos Aires,Sección Primera,Campana,Campana,00155,ESCUELA EP N°2/ES N°22,0201600036X,https://resultados.gob.ar/elecciones/1/37758/1/-1/-1/Buenos-Aires/Secci%C3%B3n-Primera/Campana/Campana/00155/ESCUELA-EP-N%C2%B02%2FES-N%C2%B022/0201600036X
Buenos Aires,Sección Primera,Campana,Campana,00155,ESCUELA EP N°2/ES N°22,0201600037X,https://resultados.gob.ar/elecciones/1/37759/1/-1/-1/Buenos-Aires/Secci%C3%B3n-Primera/Campana/Campana/00155/ESCUELA-EP-N%C2%B02%2FES-N%C2%B022/0201600037X
Buenos Aires,Sección Primera,Campana,Campana,00155,ESCUELA EP N°2/ES N°22,0201600038X,https://resultados.gob.ar/elecciones/1/37760/1/-1/-1/Buenos-Aires/Secci%C3%B3n-Primera/Campana/Campana/00155/ESCUELA-EP-N%C2%B02%2FES-N%C2%B022/0201600038X
Buenos Aires,Sección Primera,Campana,Campana,00155,ESCUELA EP N°8,0201600007X,https://resultados.gob.ar/elecciones/1/37729/1/-1/-1/Buenos-Aires/Secci%C3%B3n-Primera/Campana/Campana/00155/ESCUELA-EP-N%C2%B08/0201600007X
Buenos Aires,Sección Primera,Campana,Campana,00155,ESCUELA EP N°8,0201600008X,https://resultados.gob.ar/elecciones/1/37730/1/-1/-1/Buenos-Aires/Secci%C3%B3n-Primera/Campana/Campana/00155/ESCUELA-EP-N%C2%B08/0201600008X
Buenos Aires,Sección Primera,Campana,Campana,00155,ESCUELA EP N°8,0201600009X,https://resultados.gob.ar/elecciones/1/37731/1/-1/-1/Buenos-Aires/Secci%C3%B3n-Primera/Campana/Campana/00155/ESCUELA-EP-N%C2%B08/0201600009X
Buenos Aires,Sección Primera,Campana,Campana,00155,ESCUELA EP N°8,0201600010X,https://resultados.gob.ar/elecciones/1/37732/1/-1/-1/Buenos-Aires/Secci%C3%B3n-Primera/Campana/Campana/00155/ESCUELA-EP-N%C2%B08/0201600010X
Buenos Aires,Sección Primera,Campana,Campana,00155,ESCUELA EP N°8,0201600011X,https://resultados.gob.ar/elecciones/1/37733/1/-1/-1/Buenos-Aires/Secci%C3%B3n-Primera/Campana/Campana/00155/ESCUELA-EP-N%C2%B08/0201600011X
Buenos Aires,Sección Primera,Campana,Campana,00155,ESCUELA EP N°8,0201600012X,https://resultados.gob.ar/elecciones/1/37734/1/-1/-1/Buenos-Aires/Secci%C3%B3n-Primera/Campana/Campana/00155/ESCUELA-EP-N%C2%B08/0201600012X
Buenos Aires,Sección Primera,Campana,Campana,00155,ESCUELA ES N°1,0201600001X,https://resultados.gob.ar/elecciones/1/37723/1/-1/-1/Buenos-Aires/Secci%C3%B3n-Primera/Campana/Campana/00155/ESCUELA-ES-N%C2%B01/0201600001X
Buenos Aires,Sección Primera,Campana,Campana,00155,ESCUELA ES N°1,0201600002X,https://resultados.gob.ar/elecciones/1/37724/1/-1/-1/Buenos-Aires/Secci%C3%B3n-Primera/Campana/Campana/00155/ESCUELA-ES-N%C2%B01/0201600002X
Buenos Aires,Sección Primera,Campana,Campana,00155,ESCUELA ES N°1,0201600003X,https://resultados.gob.ar/elecciones/1/37725/1/-1/-1/Buenos-Aires/Secci%C3%B3n-Primera/Campana/Campana/00155/ESCUELA-ES-N%C2%B01/0201600003X
Buenos Aires,Sección Primera,Campana,Campana,00155,ESCUELA ES N°1,0201600004X,https://resultados.gob.ar/elecciones/1/37726/1/-1/-1/Buenos-Aires/Secci%C3%B3n-Primera/Campana/Campana/00155/ESCUELA-ES-N%C2%B01/0201600004X
Buenos Aires,Sección Primera,Campana,Campana,00155,ESCUELA ES N°1,0201600005X,https://resultados.gob.ar/elecciones/1/37727/1/-1/-1/Buenos-Aires/Secci%C3%B3n-Primera/Campana/Campana/00155/ESCUELA-ES-N%C2%B01/0201600005X
Buenos Aires,Sección Primera,Campana,Campana,00155,ESCUELA ES N°1,0201600006X,https://resultados.gob.ar/elecciones/1/37728/1/-1/-1/Buenos-Aires/Secci%C3%B3n-Primera/Campana/Campana/00155/ESCUELA-ES-N%C2%B01/0201600006X
Buenos Aires,Sección Primera,Campana,Campana,00155,ESCUELA ES N°6,0201600013X,https://resultados.gob.ar/elecciones/1/37735/1/-1/-1/Buenos-Aires/Secci%C3%B3n-Primera/Campana/Campana/00155/ESCUELA-ES-N%C2%B06/0201600013X
Buenos Aires,Sección Primera,Campana,Campana,00155,ESCUELA ES N°6,0201600014X,https://resultados.gob.ar/elecciones/1/37736/1/-1/-1/Buenos-Aires/Secci%C3%B3n-Primera/Campana/Campana/00155/ESCUELA-ES-N%C2%B06/0201600014X
Buenos Aires,Sección Primera,Campana,Campana,00155,ESCUELA ES N°6,0201600015X,https://resultados.gob.ar/elecciones/1/37737/1/-1/-1/Buenos-Aires/Secci%C3%B3n-Primera/Campana/Campana/00155/ESCUELA-ES-N%C2%B06/0201600015X
Buenos Aires,Sección Primera,Campana,Campana,00155,ESCUELA ES N°6,0201600016X,https://resultados.gob.ar/elecciones/1/37738/1/-1/-1/Buenos-Aires/Secci%C3%B3n-Primera/Campana/Campana/00155/ESCUELA-ES-N%C2%B06/0201600016X
Buenos Aires,Sección Primera,Campana,Campana,00155,ESCUELA ES N°6,0201600017X,https://resultados.gob.ar/elecciones/1/37739/1/-1/-1/Buenos-Aires/Secci%C3%B3n-Primera/Campana/Campana/00155/ESCUELA-ES-N%C2%B06/0201600017X
Buenos Aires,Sección Primera,Campana,Campana,00155,ESCUELA ES N°6,0201600018X,https://resultados.gob.ar/elecciones/1/37740/1/-1/-1/Buenos-Aires/Secci%C3%B3n-Primera/Campana/Campana/00155/ESCUELA-ES-N%C2%B06/0201600018X
Buenos Aires,Sección Primera,Campana,Campana,00155,ESCUELA ES N°6,0201600019X,https://resultados.gob.ar/elecciones/1/37741/1/-1/-1/Buenos-Aires/Secci%C3%B3n-Primera/Campana/Campana/00155/ESCUELA-ES-N%C2%B06/0201600019X
Buenos Aires,Sección Primera,Campana,Campana,00155,ESCUELA ES N°6,0201600020X,https://resultados.gob.ar/elecciones/1/37742/1/-1/-1/Buenos-Aires/Secci%C3%B3n-Primera/Campana/Campana/00155/ESCUELA-ES-N%C2%B06/0201600020X
Buenos Aires,Sección Primera,Campana,Campana,00155,ESCUELA ES N°6,0201600021X,https://resultados.gob.ar/elecciones/1/37743/1/-1/-1/Buenos-Aires/Secci%C3%B3n-Primera/Campana/Campana/00155/ESCUELA-ES-N%C2%B06/0201600021X
Buenos Aires,Sección Primera,Campana,Campana,00156,ESCUELA DANTE ALIGHIERI,0201600138X,https://resultados.gob.ar/elecciones/1/37860/1/-1/-1/Buenos-Aires/Secci%C3%B3n-Primera/Campana/Campana/00156/ESCUELA-DANTE-ALIGHIERI/0201600138X
Buenos Aires,Sección Primera,Campana,Campana,00156,ESCUELA DANTE ALIGHIERI,0201600139X,https://resultados.gob.ar/elecciones/1/37861/1/-1/-1/Buenos-Aires/Secci%C3%B3n-Primera/Campana/Campana/00156/ESCUELA-DANTE-ALIGHIERI/0201600139X
Buenos Aires,Sección Primera,Campana,Campana,00156,ESCUELA DANTE ALIGHIERI,0201600140X,https://resultados.gob.ar/elecciones/1/37862/1/-1/-1/Buenos-Aires/Secci%C3%B3n-Primera/Campana/Campana/00156/ESCUELA-DANTE-ALIGHIERI/0201600140X
Buenos Aires,Sección Primera,Campana,Campana,00156,ESCUELA DANTE ALIGHIERI,0201600141X,https://resultados.gob.ar/elecciones/1/37863/1/-1/-1/Buenos-Aires/Secci%C3%B3n-Primera/Campana/Campana/00156/ESCUELA-DANTE-ALIGHIERI/0201600141X
Buenos Aires,Sección Primera,Campana,Campana,00156,ESCUELA DANTE ALIGHIERI,0201600142X,https://resultados.gob.ar/elecciones/1/37864/1/-1/-1/Buenos-Aires/Secci%C3%B3n-Primera/Campana/Campana/00156/ESCUELA-DANTE-ALIGHIERI/0201600142X
Buenos Aires,Sección Primera,Campana,Campana,00156,ESCUELA DANTE ALIGHIERI,0201600143X,https://resultados.gob.ar/elecciones/1/37865/1/-1/-1/Buenos-Aires/Secci%C3%B3n-Primera/Campana/Campana/00156/ESCUELA-DANTE-ALIGHIERI/0201600143X
Buenos Aires,Sección Primera,Campana,Campana,00156,ESCUELA DANTE ALIGHIERI,0201600144X,https://resultados.gob.ar/elecciones/1/37866/1/-1/-1/Buenos-Aires/Secci%C3%B3n-Primera/Campana/Campana/00156/ESCUELA-DANTE-ALIGHIERI/0201600144X
Buenos Aires,Sección Primera,Campana,Campana,00156,ESCUELA DANTE ALIGHIERI,0201600145X,https://resultados.gob.ar/elecciones/1/37867/1/-1/-1/Buenos-Aires/Secci%C3%B3n-Primera/Campana/Campana/00156/ESCUELA-DANTE-ALIGHIERI/0201600145X
Buenos Aires,Sección Primera,Campana,Campana,00156,ESCUELA DANTE ALIGHIERI,0201600146X,https://resultados.gob.ar/elecciones/1/37868/1/-1/-1/Buenos-Aires/Secci%C3%B3n-Primera/Campana/Campana/00156/ESCUELA-DANTE-ALIGHIERI/0201600146X
Buenos Aires,Sección Primera,Campana,Campana,00156,ESCUELA EP N°10,0201600109X,https://resultados.gob.ar/elecciones/1/37831/1/-1/-1/Buenos-Aires/Secci%C3%B3n-Primera/Campana/Campana/00156/ESCUELA-EP-N%C2%B010/0201600109X
Buenos Aires,Sección Primera,Campana,Campana,00156,ESCUELA EP N°10,0201600110X,https://resultados.gob.ar/elecciones/1/37832/1/-1/-1/Buenos-Aires/Secci%C3%B3n-Primera/Campana/Campana/00156/ESCUELA-EP-N%C2%B010/0201600110X
Buenos Aires,Sección Primera,Campana,Campana,00156,ESCUELA EP N°10,0201600111X,https://resultados.gob.ar/elecciones/1/37833/1/-1/-1/Buenos-Aires/Secci%C3%B3n-Primera/Campana/Campana/00156/ESCUELA-EP-N%C2%B010/0201600111X
Buenos Aires,Sección Primera,Campana,Campana,00156,ESCUELA EP N°10,0201600112X,https://resultados.gob.ar/elecciones/1/37834/1/-1/-1/Buenos-Aires/Secci%C3%B3n-Primera/Campana/Campana/00156/ESCUELA-EP-N%C2%B010/0201600112X
Buenos Aires,Sección Primera,Campana,Campana,00156,ESCUELA EP N°10,0201600113X,https://resultados.gob.ar/elecciones/1/37835/1/-1/-1/Buenos-Aires/Secci%C3%B3n-Primera/Campana/Campana/00156/ESCUELA-EP-N%C2%B010/0201600113X
Buenos Aires,Sección Primera,Campana,Campana,00156,ESCUELA EP N°10,0201600114X,https://resultados.gob.ar/elecciones/1/37836/1/-1/-1/Buenos-Aires/Secci%C3%B3n-Primera/Campana/Campana/00156/ESCUELA-EP-N%C2%B010/0201600114X
Buenos Aires,Sección Primera,Campana,Campana,00156,ESCUELA EP N°10,0201600115X,https://resultados.gob.ar/elecciones/1/37837/1/-1/-1/Buenos-Aires/Secci%C3%B3n-Primera/Campana/Campana/00156/ESCUELA-EP-N%C2%B010/0201600115X
Buenos Aires,Sección Primera,Campana,Campana,00156,ESCUELA EP N°10,0201600116X,https://resultados.gob.ar/elecciones/1/37838/1/-1/-1/Buenos-Aires/Secci%C3%B3n-Primera/Campana/Campana/00156/ESCUELA-EP-N%C2%B010/0201600116X
Buenos Aires,Sección Primera,Campana,Campana,00156,ESCUELA EP N°10,0201600117X,https://resultados.gob.ar/elecciones/1/37839/1/-1/-1/Buenos-Aires/Secci%C3%B3n-Primera/Campana/Campana/00156/ESCUELA-EP-N%C2%B010/0201600117X
Buenos Aires,Sección Primera,Campana,Campana,00156,ESCUELA EP N°12/ES N°15,0201600126X,https://resultados.gob.ar/elecciones/1/37848/1/-1/-1/Buenos-Aires/Secci%C3%B3n-Primera/Campana/Campana/00156/ESCUELA-EP-N%C2%B012%2FES-N%C2%B015/0201600126X
Buenos Aires,Sección Primera,Campana,Campana,00156,ESCUELA EP N°12/ES N°15,0201600127X,https://resultados.gob.ar/elecciones/1/37849/1/-1/-1/Buenos-Aires/Secci%C3%B3n-Primera/Campana/Campana/00156/ESCUELA-EP-N%C2%B012%2FES-N%C2%B015/0201600127X
Buenos Aires,Sección Primera,Campana,Campana,00156,ESCUELA EP N°12/ES N°15,0201600128X,https://resultados.gob.ar/elecciones/1/37850/1/-1/-1/Buenos-Aires/Secci%C3%B3n-Primera/Campana/Campana/00156/ESCUELA-EP-N%C2%B012%2FES-N%C2%B015/0201600128X
Buenos Aires,Sección Primera,Campana,Campana,00156,ESCUELA EP N°12/ES N°15,0201600129X,https://resultados.gob.ar/elecciones/1/37851/1/-1/-1/Buenos-Aires/Secci%C3%B3n-Primera/Campana/Campana/00156/ESCUELA-EP-N%C2%B012%2FES-N%C2%B015/0201600129X
Buenos Aires,Sección Primera,Campana,Campana,00156,ESCUELA EP N°12/ES N°15,0201600130X,https://resultados.gob.ar/elecciones/1/37852/1/-1/-1/Buenos-Aires/Secci%C3%B3n-Primera/Campana/Campana/00156/ESCUELA-EP-N%C2%B012%2FES-N%C2%B015/0201600130X
Buenos Aires,Sección Primera,Campana,Campana,00156,ESCUELA EP N°12/ES N°15,0201600131X,https://resultados.gob.ar/elecciones/1/37853/1/-1/-1/Buenos-Aires/Secci%C3%B3n-Primera/Campana/Campana/00156/ESCUELA-EP-N%C2%B012%2FES-N%C2%B015/0201600131X
Buenos Aires,Sección Primera,Campana,Campana,00156,ESCUELA EP N°20,0201600132X,https://resultados.gob.ar/elecciones/1/37854/1/-1/-1/Buenos-Aires/Secci%C3%B3n-Primera/Campana/Campana/00156/ESCUELA-EP-N%C2%B020/0201600132X
Buenos Aires,Sección Primera,Campana,Campana,00156,ESCUELA EP N°20,0201600133X,https://resultados.gob.ar/elecciones/1/37855/1/-1/-1/Buenos-Aires/Secci%C3%B3n-Primera/Campana/Campana/00156/ESCUELA-EP-N%C2%B020/0201600133X
Buenos Aires,Sección Primera,Campana,Campana,00156,ESCUELA EP N°20,0201600134X,https://resultados.gob.ar/elecciones/1/37856/1/-1/-1/Buenos-Aires/Secci%C3%B3n-Primera/Campana/Campana/00156/ESCUELA-EP-N%C2%B020/0201600134X
Buenos Aires,Sección Primera,Campana,Campana,00156,ESCUELA EP N°20,0201600135X,https://resultados.gob.ar/elecciones/1/37857/1/-1/-1/Buenos-Aires/Secci%C3%B3n-Primera/Campana/Campana/00156/ESCUELA-EP-N%C2%B020/0201600135X
Buenos Aires,Sección Primera,Campana,Campana,00156,ESCUELA EP N°20,0201600136X,https://resultados.gob.ar/elecciones/1/37858/1/-1/-1/Buenos-Aires/Secci%C3%B3n-Primera/Campana/Campana/00156/ESCUELA-EP-N%C2%B020/0201600136X
Buenos Aires,Sección Primera,Campana,Campana,00156,ESCUELA EP N°20,0201600137X,https://resultados.gob.ar/elecciones/1/37859/1/-1/-1/Buenos-Aires/Secci%C3%B3n-Primera/Campana/Campana/00156/ESCUELA-EP-N%C2%B020/0201600137X
Buenos Aires,Sección Primera,Campana,Campana,00156,ESCUELA EP N°29,0201600118X,https://resultados.gob.ar/elecciones/1/37840/1/-1/-1/Buenos-Aires/Secci%C3%B3n-Primera/Campana/Campana/00156/ESCUELA-EP-N%C2%B029/0201600118X
Buenos Aires,Sección Primera,Campana,Campana,00156,ESCUELA EP N°29,0201600119X,https://resultados.gob.ar/elecciones/1/37841/1/-1/-1/Buenos-Aires/Secci%C3%B3n-Primera/Campana/Campana/00156/ESCUELA-EP-N%C2%B029/0201600119X
Buenos Aires,Sección Primera,Campana,Campana,00156,ESCUELA EP N°29,0201600120X,https://resultados.gob.ar/elecciones/1/37842/1/-1/-1/Buenos-Aires/Secci%C3%B3n-Primera/Campana/Campana/00156/ESCUELA-EP-N%C2%B029/0201600120X
Buenos Aires,Sección Primera,Campana,Campana,00156,ESCUELA EP N°29,0201600121X,https://resultados.gob.ar/elecciones/1/37843/1/-1/-1/Buenos-Aires/Secci%C3%B3n-Primera/Campana/Campana/00156/ESCUELA-EP-N%C2%B029/0201600121X
Buenos Aires,Sección Primera,Campana,Campana,00156,ESCUELA EP N°29,0201600122X,https://resultados.gob.ar/elecciones/1/37844/1/-1/-1/Buenos-Aires/Secci%C3%B3n-Primera/Campana/Campana/00156/ESCUELA-EP-N%C2%B029/0201600122X
Buenos Aires,Sección Primera,Campana,Campana,00156,ESCUELA EP N°29,0201600123X,https://resultados.gob.ar/elecciones/1/37845/1/-1/-1/Buenos-Aires/Secci%C3%B3n-Primera/Campana/Campana/00156/ESCUELA-EP-N%C2%B029/0201600123X
Buenos Aires,Sección Primera,Campana,Campana,00156,ESCUELA EP N°29,0201600124X,https://resultados.gob.ar/elecciones/1/37846/1/-1/-1/Buenos-Aires/Secci%C3%B3n-Primera/Campana/Campana/00156/ESCUELA-EP-N%C2%B029/0201600124X
Buenos Aires,Sección Primera,Campana,Campana,00156,ESCUELA EP N°29,0201600125X,https://resultados.gob.ar/elecciones/1/37847/1/-1/-1/Buenos-Aires/Secci%C3%B3n-Primera/Campana/Campana/00156/ESCUELA-EP-N%C2%B029/0201600125X
Buenos Aires,Sección Primera,Campana,Campana,00156,ESCUELA EP N°30,0201600147X,https://resultados.gob.ar/elecciones/1/37869/1/-1/-1/Buenos-Aires/Secci%C3%B3n-Primera/Campana/Campana/00156/ESCUELA-EP-N%C2%B030/0201600147X
Buenos Aires,Sección Primera,Campana,Campana,00156,ESCUELA EP N°30,0201600148X,https://resultados.gob.ar/elecciones/1/37870/1/-1/-1/Buenos-Aires/Secci%C3%B3n-Primera/Campana/Campana/00156/ESCUELA-EP-N%C2%B030/0201600148X
Buenos Aires,Sección Primera,Campana,Campana,00156,ESCUELA EP N°30,0201600149X,https://resultados.gob.ar/elecciones/1/37871/1/-1/-1/Buenos-Aires/Secci%C3%B3n-Primera/Campana/Campana/00156/ESCUELA-EP-N%C2%B030/0201600149X
Buenos Aires,Sección Primera,Campana,Campana,00156,ESCUELA EST N°1,0201600150X,https://resultados.gob.ar/elecciones/1/37872/1/-1/-1/Buenos-Aires/Secci%C3%B3n-Primera/Campana/Campana/00156/ESCUELA-EST-N%C2%B01/0201600150X
Buenos Aires,Sección Primera,Campana,Campana,00156,ESCUELA EST N°1,0201600151X,https://resultados.gob.ar/elecciones/1/37873/1/-1/-1/Buenos-Aires/Secci%C3%B3n-Primera/Campana/Campana/00156/ESCUELA-EST-N%C2%B01/0201600151X
Buenos Aires,Sección Primera,Campana,Campana,00156,ESCUELA EST N°1,0201600152X,https://resultados.gob.ar/elecciones/1/37874/1/-1/-1/Buenos-Aires/Secci%C3%B3n-Primera/Campana/Campana/00156/ESCUELA-EST-N%C2%B01/0201600152X
Buenos Aires,Sección Primera,Campana,Campana,00156,ESCUELA EST N°1,0201600153X,https://resultados.gob.ar/elecciones/1/37875/1/-1/-1/Buenos-Aires/Secci%C3%B3n-Primera/Campana/Campana/00156/ESCUELA-EST-N%C2%B01/0201600153X
Buenos Aires,Sección Primera,Campana,Campana,00156,ESCUELA EST N°1,0201600154X,https://resultados.gob.ar/elecciones/1/37876/1/-1/-1/Buenos-Aires/Secci%C3%B3n-Primera/Campana/Campana/00156/ESCUELA-EST-N%C2%B01/0201600154X
Buenos Aires,Sección Primera,Campana,Campana,00156,ESCUELA EST N°1,0201600155X,https://resultados.gob.ar/elecciones/1/37877/1/-1/-1/Buenos-Aires/Secci%C3%B3n-Primera/Campana/Campana/00156/ESCUELA-EST-N%C2%B01/0201600155X
Buenos Aires,Sección Primera,Campana,Campana,00156,ESCUELA EST N°1,0201600156X,https://resultados.gob.ar/elecciones/1/37878/1/-1/-1/Buenos-Aires/Secci%C3%B3n-Primera/Campana/Campana/00156/ESCUELA-EST-N%C2%B01/0201600156X
Buenos Aires,Sección Primera,Campana,Campana,00156,ESCUELA EST N°1,0201600157X,https://resultados.gob.ar/elecciones/1/37879/1/-1/-1/Buenos-Aires/Secci%C3%B3n-Primera/Campana/Campana/00156/ESCUELA-EST-N%C2%B01/0201600157X
Buenos Aires,Sección Primera,Campana,Campana,00156,ESCUELA EST N°1,0201600158X,https://resultados.gob.ar/elecciones/1/37880/1/-1/-1/Buenos-Aires/Secci%C3%B3n-Primera/Campana/Campana/00156/ESCUELA-EST-N%C2%B01/0201600158X
Buenos Aires,Sección Primera,Campana,Campana,0155A,COLEGIO SANTO TOMAS DE AQUINO,0201600102X,https://resultados.gob.ar/elecciones/1/37824/1/-1/-1/Buenos-Aires/Secci%C3%B3n-Primera/Campana/Campana/0155A/COLEGIO-SANTO-TOMAS-DE-AQUINO/0201600102X
Buenos Aires,Sección Primera,Campana,Campana,0155A,COLEGIO SANTO TOMAS DE AQUINO,0201600103X,https://resultados.gob.ar/elecciones/1/37825/1/-1/-1/Buenos-Aires/Secci%C3%B3n-Primera/Campana/Campana/0155A/COLEGIO-SANTO-TOMAS-DE-AQUINO/0201600103X
Buenos Aires,Sección Primera,Campana,Campana,0155A,COLEGIO SANTO TOMAS DE AQUINO,0201600104X,https://resultados.gob.ar/elecciones/1/37826/1/-1/-1/Buenos-Aires/Secci%C3%B3n-Primera/Campana/Campana/0155A/COLEGIO-SANTO-TOMAS-DE-AQUINO/0201600104X
Buenos Aires,Sección Primera,Campana,Campana,0155A,COLEGIO SANTO TOMAS DE AQUINO,0201600105X,https://resultados.gob.ar/elecciones/1/37827/1/-1/-1/Buenos-Aires/Secci%C3%B3n-Primera/Campana/Campana/0155A/COLEGIO-SANTO-TOMAS-DE-AQUINO/0201600105X
Buenos Aires,Sección Primera,Campana,Campana,0155A,COLEGIO SANTO TOMAS DE AQUINO,0201600106X,https://resultados.gob.ar/elecciones/1/37828/1/-1/-1/Buenos-Aires/Secci%C3%B3n-Primera/Campana/Campana/0155A/COLEGIO-SANTO-TOMAS-DE-AQUINO/0201600106X
Buenos Aires,Sección Primera,Campana,Campana,0155A,COLEGIO SANTO TOMAS DE AQUINO,0201600107X,https://resultados.gob.ar/elecciones/1/37829/1/-1/-1/Buenos-Aires/Secci%C3%B3n-Primera/Campana/Campana/0155A/COLEGIO-SANTO-TOMAS-DE-AQUINO/0201600107X
Buenos Aires,Sección Primera,Campana,Campana,0155A,COLEGIO SANTO TOMAS DE AQUINO,0201600108X,https://resultados.gob.ar/elecciones/1/37830/1/-1/-1/Buenos-Aires/Secci%C3%B3n-Primera/Campana/Campana/0155A/COLEGIO-SANTO-TOMAS-DE-AQUINO/0201600108X
Buenos Aires,Sección Primera,Campana,Campana,0155A,ESCUELA EP N°15,0201600081X,https://resultados.gob.ar/elecciones/1/37803/1/-1/-1/Buenos-Aires/Secci%C3%B3n-Primera/Campana/Campana/0155A/ESCUELA-EP-N%C2%B015/0201600081X
Buenos Aires,Sección Primera,Campana,Campana,0155A,ESCUELA EP N°15,0201600082X,https://resultados.gob.ar/elecciones/1/37804/1/-1/-1/Buenos-Aires/Secci%C3%B3n-Primera/Campana/Campana/0155A/ESCUELA-EP-N%C2%B015/0201600082X
Buenos Aires,Sección Primera,Campana,Campana,0155A,ESCUELA EP N°15,0201600083X,https://resultados.gob.ar/elecciones/1/37805/1/-1/-1/Buenos-Aires/Secci%C3%B3n-Primera/Campana/Campana/0155A/ESCUELA-EP-N%C2%B015/0201600083X
Buenos Aires,Sección Primera,Campana,Campana,0155A,ESCUELA EP N°15,0201600084X,https://resultados.gob.ar/elecciones/1/37806/1/-1/-1/Buenos-Aires/Secci%C3%B3n-Primera/Campana/Campana/0155A/ESCUELA-EP-N%C2%B015/0201600084X
Buenos Aires,Sección Primera,Campana,Campana,0155A,ESCUELA EP N°15,0201600085X,https://resultados.gob.ar/elecciones/1/37807/1/-1/-1/Buenos-Aires/Secci%C3%B3n-Primera/Campana/Campana/0155A/ESCUELA-EP-N%C2%B015/0201600085X
Buenos Aires,Sección Primera,Campana,Campana,0155A,ESCUELA EP N°15,0201600086X,https://resultados.gob.ar/elecciones/1/37808/1/-1/-1/Buenos-Aires/Secci%C3%B3n-Primera/Campana/Campana/0155A/ESCUELA-EP-N%C2%B015/0201600086X
Buenos Aires,Sección Primera,Campana,Campana,0155A,ESCUELA EP N°23/ES N°28,0201600095X,https://resultados.gob.ar/elecciones/1/37817/1/-1/-1/Buenos-Aires/Secci%C3%B3n-Primera/Campana/Campana/0155A/ESCUELA-EP-N%C2%B023%2FES-N%C2%B028/0201600095X
Buenos Aires,Sección Primera,Campana,Campana,0155A,ESCUELA EP N°23/ES N°28,0201600096X,https://resultados.gob.ar/elecciones/1/37818/1/-1/-1/Buenos-Aires/Secci%C3%B3n-Primera/Campana/Campana/0155A/ESCUELA-EP-N%C2%B023%2FES-N%C2%B028/0201600096X
Buenos Aires,Sección Primera,Campana,Campana,0155A,ESCUELA EP N°23/ES N°28,0201600097X,https://resultados.gob.ar/elecciones/1/37819/1/-1/-1/Buenos-Aires/Secci%C3%B3n-Primera/Campana/Campana/0155A/ESCUELA-EP-N%C2%B023%2FES-N%C2%B028/0201600097X
Buenos Aires,Sección Primera,Campana,Campana,0155A,ESCUELA EP N°23/ES N°28,0201600098X,https://resultados.gob.ar/elecciones/1/37820/1/-1/-1/Buenos-Aires/Secci%C3%B3n-Primera/Campana/Campana/0155A/ESCUELA-EP-N%C2%B023%2FES-N%C2%B028/0201600098X
Buenos Aires,Sección Primera,Campana,Campana,0155A,ESCUELA EP N°23/ES N°28,0201600099X,https://resultados.gob.ar/elecciones/1/37821/1/-1/-1/Buenos-Aires/Secci%C3%B3n-Primera/Campana/Campana/0155A/ESCUELA-EP-N%C2%B023%2FES-N%C2%B028/0201600099X
Buenos Aires,Sección Primera,Campana,Campana,0155A,ESCUELA EP N°23/ES N°28,0201600100X,https://resultados.gob.ar/elecciones/1/37822/1/-1/-1/Buenos-Aires/Secci%C3%B3n-Primera/Campana/Campana/0155A/ESCUELA-EP-N%C2%B023%2FES-N%C2%B028/0201600100X
Buenos Aires,Sección Primera,Campana,Campana,0155A,ESCUELA EP N°23/ES N°28,0201600101X,https://resultados.gob.ar/elecciones/1/37823/1/-1/-1/Buenos-Aires/Secci%C3%B3n-Primera/Campana/Campana/0155A/ESCUELA-EP-N%C2%B023%2FES-N%C2%B028/0201600101X
Buenos Aires,Sección Primera,Campana,Campana,0155A,ESCUELA EP N°5/EES N°25,0201600072X,https://resultados.gob.ar/elecciones/1/37794/1/-1/-1/Buenos-Aires/Secci%C3%B3n-Primera/Campana/Campana/0155A/ESCUELA-EP-N%C2%B05%2FEES-N%C2%B025/0201600072X
Buenos Aires,Sección Primera,Campana,Campana,0155A,ESCUELA EP N°5/EES N°25,0201600073X,https://resultados.gob.ar/elecciones/1/37795/1/-1/-1/Buenos-Aires/Secci%C3%B3n-Primera/Campana/Campana/0155A/ESCUELA-EP-N%C2%B05%2FEES-N%C2%B025/0201600073X
Buenos Aires,Sección Primera,Campana,Campana,0155A,ESCUELA EP N°5/EES N°25,0201600074X,https://resultados.gob.ar/elecciones/1/37796/1/-1/-1/Buenos-Aires/Secci%C3%B3n-Primera/Campana/Campana/0155A/ESCUELA-EP-N%C2%B05%2FEES-N%C2%B025/0201600074X
Buenos Aires,Sección Primera,Campana,Campana,0155A,ESCUELA EP N°5/EES N°25,0201600075X,https://resultados.gob.ar/elecciones/1/37797/1/-1/-1/Buenos-Aires/Secci%C3%B3n-Primera/Campana/Campana/0155A/ESCUELA-EP-N%C2%B05%2FEES-N%C2%B025/0201600075X
Buenos Aires,Sección Primera,Campana,Campana,0155A,ESCUELA EP N°5/EES N°25,0201600076X,https://resultados.gob.ar/elecciones/1/37798/1/-1/-1/Buenos-Aires/Secci%C3%B3n-Primera/Campana/Campana/0155A/ESCUELA-EP-N%C2%B05%2FEES-N%C2%B025/0201600076X
Buenos Aires,Sección Primera,Campana,Campana,0155A,ESCUELA EP N°5/EES N°25,0201600077X,https://resultados.gob.ar/elecciones/1/37799/1/-1/-1/Buenos-Aires/Secci%C3%B3n-Primera/Campana/Campana/0155A/ESCUELA-EP-N%C2%B05%2FEES-N%C2%B025/0201600077X
Buenos Aires,Sección Primera,Campana,Campana,0155A,ESCUELA EP N°5/EES N°25,0201600078X,https://resultados.gob.ar/elecciones/1/37800/1/-1/-1/Buenos-Aires/Secci%C3%B3n-Primera/Campana/Campana/0155A/ESCUELA-EP-N%C2%B05%2FEES-N%C2%B025/0201600078X
Buenos Aires,Sección Primera,Campana,Campana,0155A,ESCUELA EP N°5/EES N°25,0201600079X,https://resultados.gob.ar/elecciones/1/37801/1/-1/-1/Buenos-Aires/Secci%C3%B3n-Primera/Campana/Campana/0155A/ESCUELA-EP-N%C2%B05%2FEES-N%C2%B025/0201600079X
Buenos Aires,Sección Primera,Campana,Campana,0155A,ESCUELA EP N°5/EES N°25,0201600080X,https://resultados.gob.ar/elecciones/1/37802/1/-1/-1/Buenos-Aires/Secci%C3%B3n-Primera/Campana/Campana/0155A/ESCUELA-EP-N%C2%B05%2FEES-N%C2%B025/0201600080X
Buenos Aires,Sección Primera,Campana,Campana,0155A,ESCUELA EP N°7/ ES N°19,0201600087X,https://resultados.gob.ar/elecciones/1/37809/1/-1/-1/Buenos-Aires/Secci%C3%B3n-Primera/Campana/Campana/0155A/ESCUELA-EP-N%C2%B07%2F-ES-N%C2%B019/0201600087X
Buenos Aires,Sección Primera,Campana,Campana,0155A,ESCUELA EP N°7/ ES N°19,0201600088X,https://resultados.gob.ar/elecciones/1/37810/1/-1/-1/Buenos-Aires/Secci%C3%B3n-Primera/Campana/Campana/0155A/ESCUELA-EP-N%C2%B07%2F-ES-N%C2%B019/0201600088X
Buenos Aires,Sección Primera,Campana,Campana,0155A,ESCUELA EP N°7/ ES N°19,0201600089X,https://resultados.gob.ar/elecciones/1/37811/1/-1/-1/Buenos-Aires/Secci%C3%B3n-Primera/Campana/Campana/0155A/ESCUELA-EP-N%C2%B07%2F-ES-N%C2%B019/0201600089X
Buenos Aires,Sección Primera,Campana,Campana,0155A,ESCUELA EP N°7/ ES N°19,0201600090X,https://resultados.gob.ar/elecciones/1/37812/1/-1/-1/Buenos-Aires/Secci%C3%B3n-Primera/Campana/Campana/0155A/ESCUELA-EP-N%C2%B07%2F-ES-N%C2%B019/0201600090X
Buenos Aires,Sección Primera,Campana,Campana,0155A,ESCUELA EP N°7/ ES N°19,0201600091X,https://resultados.gob.ar/elecciones/1/37813/1/-1/-1/Buenos-Aires/Secci%C3%B3n-Primera/Campana/Campana/0155A/ESCUELA-EP-N%C2%B07%2F-ES-N%C2%B019/0201600091X
Buenos Aires,Sección Primera,Campana,Campana,0155A,ESCUELA EP N°7/ ES N°19,0201600092X,https://resultados.gob.ar/elecciones/1/37814/1/-1/-1/Buenos-Aires/Secci%C3%B3n-Primera/Campana/Campana/0155A/ESCUELA-EP-N%C2%B07%2F-ES-N%C2%B019/0201600092X
Buenos Aires,Sección Primera,Campana,Campana,0155A,ESCUELA EP N°7/ ES N°19,0201600093X,https://resultados.gob.ar/elecciones/1/37815/1/-1/-1/Buenos-Aires/Secci%C3%B3n-Primera/Campana/Campana/0155A/ESCUELA-EP-N%C2%B07%2F-ES-N%C2%B019/0201600093X
Buenos Aires,Sección Primera,Campana,Campana,0155A,ESCUELA EP N°7/ ES N°19,0201600094X,https://resultados.gob.ar/elecciones/1/37816/1/-1/-1/Buenos-Aires/Secci%C3%B3n-Primera/Campana/Campana/0155A/ESCUELA-EP-N%C2%B07%2F-ES-N%C2%B019/0201600094X
Buenos Aires,Sección Primera,Campana,Campana,0155A,ESCUELA ES N°2,0201600059X,https://resultados.gob.ar/elecciones/1/37781/1/-1/-1/Buenos-Aires/Secci%C3%B3n-Primera/Campana/Campana/0155A/ESCUELA-ES-N%C2%B02/0201600059X
Buenos Aires,Sección Primera,Campana,Campana,0155A,ESCUELA ES N°2,0201600060X,https://resultados.gob.ar/elecciones/1/37782/1/-1/-1/Buenos-Aires/Secci%C3%B3n-Primera/Campana/Campana/0155A/ESCUELA-ES-N%C2%B02/0201600060X
Buenos Aires,Sección Primera,Campana,Campana,0155A,ESCUELA ES N°2,0201600061X,https://resultados.gob.ar/elecciones/1/37783/1/-1/-1/Buenos-Aires/Secci%C3%B3n-Primera/Campana/Campana/0155A/ESCUELA-ES-N%C2%B02/0201600061X
Buenos Aires,Sección Primera,Campana,Campana,0155A,ESCUELA ES N°2,0201600062X,https://resultados.gob.ar/elecciones/1/37784/1/-1/-1/Buenos-Aires/Secci%C3%B3n-Primera/Campana/Campana/0155A/ESCUELA-ES-N%C2%B02/0201600062X
Buenos Aires,Sección Primera,Campana,Campana,0155A,ESCUELA ES N°2,0201600063X,https://resultados.gob.ar/elecciones/1/37785/1/-1/-1/Buenos-Aires/Secci%C3%B3n-Primera/Campana/Campana/0155A/ESCUELA-ES-N%C2%B02/0201600063X
Buenos Aires,Sección Primera,Campana,Campana,0155A,ESCUELA ES N°2,0201600064X,https://resultados.gob.ar/elecciones/1/37786/1/-1/-1/Buenos-Aires/Secci%C3%B3n-Primera/Campana/Campana/0155A/ESCUELA-ES-N%C2%B02/0201600064X
Buenos Aires,Sección Primera,Campana,Campana,0155A,ESCUELA ES N°2,0201600065X,https://resultados.gob.ar/elecciones/1/37787/1/-1/-1/Buenos-Aires/Secci%C3%B3n-Primera/Campana/Campana/0155A/ESCUELA-ES-N%C2%B02/0201600065X
Buenos Aires,Sección Primera,Campana,Campana,0155A,ESCUELA ES N°2,0201600066X,https://resultados.gob.ar/elecciones/1/37788/1/-1/-1/Buenos-Aires/Secci%C3%B3n-Primera/Campana/Campana/0155A/ESCUELA-ES-N%C2%B02/0201600066X
Buenos Aires,Sección Primera,Campana,Campana,0155A,INST.SUP.FORMAC.DOC.Y TEC.N°15,0201600067X,https://resultados.gob.ar/elecciones/1/37789/1/-1/-1/Buenos-Aires/Secci%C3%B3n-Primera/Campana/Campana/0155A/INST.SUP.FORMAC.DOC.Y-TEC.N%C2%B015/0201600067X
Buenos Aires,Sección Primera,Campana,Campana,0155A,INST.SUP.FORMAC.DOC.Y TEC.N°15,0201600068X,https://resultados.gob.ar/elecciones/1/37790/1/-1/-1/Buenos-Aires/Secci%C3%B3n-Primera/Campana/Campana/0155A/INST.SUP.FORMAC.DOC.Y-TEC.N%C2%B015/0201600068X
Buenos Aires,Sección Primera,Campana,Campana,0155A,INST.SUP.FORMAC.DOC.Y TEC.N°15,0201600069X,https://resultados.gob.ar/elecciones/1/37791/1/-1/-1/Buenos-Aires/Secci%C3%B3n-Primera/Campana/Campana/0155A/INST.SUP.FORMAC.DOC.Y-TEC.N%C2%B015/0201600069X
Buenos Aires,Sección Primera,Campana,Campana,0155A,INST.SUP.FORMAC.DOC.Y TEC.N°15,0201600070X,https://resultados.gob.ar/elecciones/1/37792/1/-1/-1/Buenos-Aires/Secci%C3%B3n-Primera/Campana/Campana/0155A/INST.SUP.FORMAC.DOC.Y-TEC.N%C2%B015/0201600070X
Buenos Aires,Sección Primera,Campana,Campana,0155A,INST.SUP.FORMAC.DOC.Y TEC.N°15,0201600071X,https://resultados.gob.ar/elecciones/1/37793/1/-1/-1/Buenos-Aires/Secci%C3%B3n-Primera/Campana/Campana/0155A/INST.SUP.FORMAC.DOC.Y-TEC.N%C2%B015/0201600071X
Buenos Aires,Sección Primera,Campana,Campana,0156A,ESCUELA EP N°13,0201600208X,https://resultados.gob.ar/elecciones/1/37930/1/-1/-1/Buenos-Aires/Secci%C3%B3n-Primera/Campana/Campana/0156A/ESCUELA-EP-N%C2%B013/0201600208X
Buenos Aires,Sección Primera,Campana,Campana,0156A,ESCUELA EP N°13,0201600209X,https://resultados.gob.ar/elecciones/1/37931/1/-1/-1/Buenos-Aires/Secci%C3%B3n-Primera/Campana/Campana/0156A/ESCUELA-EP-N%C2%B013/0201600209X
Buenos Aires,Sección Primera,Campana,Campana,0156A,ESCUELA EP N°13,0201600210X,https://resultados.gob.ar/elecciones/1/37932/1/-1/-1/Buenos-Aires/Secci%C3%B3n-Primera/Campana/Campana/0156A/ESCUELA-EP-N%C2%B013/0201600210X
Buenos Aires,Sección Primera,Campana,Campana,0156A,ESCUELA EP N°13,0201600211X,https://resultados.gob.ar/elecciones/1/37933/1/-1/-1/Buenos-Aires/Secci%C3%B3n-Primera/Campana/Campana/0156A/ESCUELA-EP-N%C2%B013/0201600211X
Buenos Aires,Sección Primera,Campana,Campana,0156A,ESCUELA EP N°13,0201600212X,https://resultados.gob.ar/elecciones/1/37934/1/-1/-1/Buenos-Aires/Secci%C3%B3n-Primera/Campana/Campana/0156A/ESCUELA-EP-N%C2%B013/0201600212X
Buenos Aires,Sección Primera,Campana,Campana,0156A,ESCUELA EP N°13,0201600213X,https://resultados.gob.ar/elecciones/1/37935/1/-1/-1/Buenos-Aires/Secci%C3%B3n-Primera/Campana/Campana/0156A/ESCUELA-EP-N%C2%B013/0201600213X
Buenos Aires,Sección Primera,Campana,Campana,0156A,ESCUELA EP N°17/ES N°17,0201600167X,https://resultados.gob.ar/elecciones/1/37889/1/-1/-1/Buenos-Aires/Secci%C3%B3n-Primera/Campana/Campana/0156A/ESCUELA-EP-N%C2%B017%2FES-N%C2%B017/0201600167X
Buenos Aires,Sección Primera,Campana,Campana,0156A,ESCUELA EP N°17/ES N°17,0201600168X,https://resultados.gob.ar/elecciones/1/37890/1/-1/-1/Buenos-Aires/Secci%C3%B3n-Primera/Campana/Campana/0156A/ESCUELA-EP-N%C2%B017%2FES-N%C2%B017/0201600168X
Buenos Aires,Sección Primera,Campana,Campana,0156A,ESCUELA EP N°17/ES N°17,0201600169X,https://resultados.gob.ar/elecciones/1/37891/1/-1/-1/Buenos-Aires/Secci%C3%B3n-Primera/Campana/Campana/0156A/ESCUELA-EP-N%C2%B017%2FES-N%C2%B017/0201600169X
Buenos Aires,Sección Primera,Campana,Campana,0156A,ESCUELA EP N°17/ES N°17,0201600170X,https://resultados.gob.ar/elecciones/1/37892/1/-1/-1/Buenos-Aires/Secci%C3%B3n-Primera/Campana/Campana/0156A/ESCUELA-EP-N%C2%B017%2FES-N%C2%B017/0201600170X
Buenos Aires,Sección Primera,Campana,Campana,0156A,ESCUELA EP N°17/ES N°17,0201600171X,https://resultados.gob.ar/elecciones/1/37893/1/-1/-1/Buenos-Aires/Secci%C3%B3n-Primera/Campana/Campana/0156A/ESCUELA-EP-N%C2%B017%2FES-N%C2%B017/0201600171X
Buenos Aires,Sección Primera,Campana,Campana,0156A,ESCUELA EP N°17/ES N°17,0201600172X,https://resultados.gob.ar/elecciones/1/37894/1/-1/-1/Buenos-Aires/Secci%C3%B3n-Primera/Campana/Campana/0156A/ESCUELA-EP-N%C2%B017%2FES-N%C2%B017/0201600172X
Buenos Aires,Sección Primera,Campana,Campana,0156A,ESCUELA EP N°17/ES N°17,0201600173X,https://resultados.gob.ar/elecciones/1/37895/1/-1/-1/Buenos-Aires/Secci%C3%B3n-Primera/Campana/Campana/0156A/ESCUELA-EP-N%C2%B017%2FES-N%C2%B017/0201600173X
Buenos Aires,Sección Primera,Campana,Campana,0156A,ESCUELA EP N°17/ES N°17,0201600174X,https://resultados.gob.ar/elecciones/1/37896/1/-1/-1/Buenos-Aires/Secci%C3%B3n-Primera/Campana/Campana/0156A/ESCUELA-EP-N%C2%B017%2FES-N%C2%B017/0201600174X
Buenos Aires,Sección Primera,Campana,Campana,0156A,ESCUELA EP N°22/ES N°21,0201600175X,https://resultados.gob.ar/elecciones/1/37897/1/-1/-1/Buenos-Aires/Secci%C3%B3n-Primera/Campana/Campana/0156A/ESCUELA-EP-N%C2%B022%2FES-N%C2%B021/0201600175X
Buenos Aires,Sección Primera,Campana,Campana,0156A,ESCUELA EP N°22/ES N°21,0201600176X,https://resultados.gob.ar/elecciones/1/37898/1/-1/-1/Buenos-Aires/Secci%C3%B3n-Primera/Campana/Campana/0156A/ESCUELA-EP-N%C2%B022%2FES-N%C2%B021/0201600176X
Buenos Aires,Sección Primera,Campana,Campana,0156A,ESCUELA EP N°22/ES N°21,0201600177X,https://resultados.gob.ar/elecciones/1/37899/1/-1/-1/Buenos-Aires/Secci%C3%B3n-Primera/Campana/Campana/0156A/ESCUELA-EP-N%C2%B022%2FES-N%C2%B021/0201600177X
Buenos Aires,Sección Primera,Campana,Campana,0156A,ESCUELA EP N°22/ES N°21,0201600178X,https://resultados.gob.ar/elecciones/1/37900/1/-1/-1/Buenos-Aires/Secci%C3%B3n-Primera/Campana/Campana/0156A/ESCUELA-EP-N%C2%B022%2FES-N%C2%B021/0201600178X
Buenos Aires,Sección Primera,Campana,Campana,0156A,ESCUELA EP N°22/ES N°21,0201600179X,https://resultados.gob.ar/elecciones/1/37901/1/-1/-1/Buenos-Aires/Secci%C3%B3n-Primera/Campana/Campana/0156A/ESCUELA-EP-N%C2%B022%2FES-N%C2%B021/0201600179X
Buenos Aires,Sección Primera,Campana,Campana,0156A,ESCUELA EP N°22/ES N°21,0201600180X,https://resultados.gob.ar/elecciones/1/37902/1/-1/-1/Buenos-Aires/Secci%C3%B3n-Primera/Campana/Campana/0156A/ESCUELA-EP-N%C2%B022%2FES-N%C2%B021/0201600180X
Buenos Aires,Sección Primera,Campana,Campana,0156A,ESCUELA EP N°22/ES N°21,0201600181X,https://resultados.gob.ar/elecciones/1/37903/1/-1/-1/Buenos-Aires/Secci%C3%B3n-Primera/Campana/Campana/0156A/ESCUELA-EP-N%C2%B022%2FES-N%C2%B021/0201600181X
Buenos Aires,Sección Primera,Campana,Campana,0156A,ESCUELA EP N°27,0201600182X,https://resultados.gob.ar/elecciones/1/37904/1/-1/-1/Buenos-Aires/Secci%C3%B3n-Primera/Campana/Campana/0156A/ESCUELA-EP-N%C2%B027/0201600182X
Buenos Aires,Sección Primera,Campana,Campana,0156A,ESCUELA EP N°27,0201600183X,https://resultados.gob.ar/elecciones/1/37905/1/-1/-1/Buenos-Aires/Secci%C3%B3n-Primera/Campana/Campana/0156A/ESCUELA-EP-N%C2%B027/0201600183X
Buenos Aires,Sección Primera,Campana,Campana,0156A,ESCUELA EP N°27,0201600184X,https://resultados.gob.ar/elecciones/1/37906/1/-1/-1/Buenos-Aires/Secci%C3%B3n-Primera/Campana/Campana/0156A/ESCUELA-EP-N%C2%B027/0201600184X
Buenos Aires,Sección Primera,Campana,Campana,0156A,ESCUELA EP N°27,0201600185X,https://resultados.gob.ar/elecciones/1/37907/1/-1/-1/Buenos-Aires/Secci%C3%B3n-Primera/Campana/Campana/0156A/ESCUELA-EP-N%C2%B027/0201600185X
Buenos Aires,Sección Primera,Campana,Campana,0156A,ESCUELA EP N°6/ES N°12,0201600159X,https://resultados.gob.ar/elecciones/1/37881/1/-1/-1/Buenos-Aires/Secci%C3%B3n-Primera/Campana/Campana/0156A/ESCUELA-EP-N%C2%B06%2FES-N%C2%B012/0201600159X
Buenos Aires,Sección Primera,Campana,Campana,0156A,ESCUELA EP N°6/ES N°12,0201600160X,https://resultados.gob.ar/elecciones/1/37882/1/-1/-1/Buenos-Aires/Secci%C3%B3n-Primera/Campana/Campana/0156A/ESCUELA-EP-N%C2%B06%2FES-N%C2%B012/0201600160X
Buenos Aires,Sección Primera,Campana,Campana,0156A,ESCUELA EP N°6/ES N°12,0201600161X,https://resultados.gob.ar/elecciones/1/37883/1/-1/-1/Buenos-Aires/Secci%C3%B3n-Primera/Campana/Campana/0156A/ESCUELA-EP-N%C2%B06%2FES-N%C2%B012/0201600161X
Buenos Aires,Sección Primera,Campana,Campana,0156A,ESCUELA EP N°6/ES N°12,0201600162X,https://resultados.gob.ar/elecciones/1/37884/1/-1/-1/Buenos-Aires/Secci%C3%B3n-Primera/Campana/Campana/0156A/ESCUELA-EP-N%C2%B06%2FES-N%C2%B012/0201600162X
Buenos Aires,Sección Primera,Campana,Campana,0156A,ESCUELA EP N°6/ES N°12,0201600163X,https://resultados.gob.ar/elecciones/1/37885/1/-1/-1/Buenos-Aires/Secci%C3%B3n-Primera/Campana/Campana/0156A/ESCUELA-EP-N%C2%B06%2FES-N%C2%B012/0201600163X
Buenos Aires,Sección Primera,Campana,Campana,0156A,ESCUELA EP N°6/ES N°12,0201600164X,https://resultados.gob.ar/elecciones/1/37886/1/-1/-1/Buenos-Aires/Secci%C3%B3n-Primera/Campana/Campana/0156A/ESCUELA-EP-N%C2%B06%2FES-N%C2%B012/0201600164X
Buenos Aires,Sección Primera,Campana,Campana,0156A,ESCUELA EP N°6/ES N°12,0201600165X,https://resultados.gob.ar/elecciones/1/37887/1/-1/-1/Buenos-Aires/Secci%C3%B3n-Primera/Campana/Campana/0156A/ESCUELA-EP-N%C2%B06%2FES-N%C2%B012/0201600165X
Buenos Aires,Sección Primera,Campana,Campana,0156A,ESCUELA EP N°6/ES N°12,0201600166X,https://resultados.gob.ar/elecciones/1/37888/1/-1/-1/Buenos-Aires/Secci%C3%B3n-Primera/Campana/Campana/0156A/ESCUELA-EP-N%C2%B06%2FES-N%C2%B012/0201600166X
Buenos Aires,Sección Primera,Campana,Campana,0156A,ESCUELA ES N° 11,0201600189X,https://resultados.gob.ar/elecciones/1/37911/1/-1/-1/Buenos-Aires/Secci%C3%B3n-Primera/Campana/Campana/0156A/ESCUELA-ES-N%C2%B0-11/0201600189X
Buenos Aires,Sección Primera,Campana,Campana,0156A,ESCUELA ES N° 11,0201600190X,https://resultados.gob.ar/elecciones/1/37912/1/-1/-1/Buenos-Aires/Secci%C3%B3n-Primera/Campana/Campana/0156A/ESCUELA-ES-N%C2%B0-11/0201600190X
Buenos Aires,Sección Primera,Campana,Campana,0156A,ESCUELA ES N° 11,0201600191X,https://resultados.gob.ar/elecciones/1/37913/1/-1/-1/Buenos-Aires/Secci%C3%B3n-Primera/Campana/Campana/0156A/ESCUELA-ES-N%C2%B0-11/0201600191X
Buenos Aires,Sección Primera,Campana,Campana,0156A,ESCUELA ES N° 11,0201600192X,https://resultados.gob.ar/elecciones/1/37914/1/-1/-1/Buenos-Aires/Secci%C3%B3n-Primera/Campana/Campana/0156A/ESCUELA-ES-N%C2%B0-11/0201600192X
Buenos Aires,Sección Primera,Campana,Campana,0156A,ESCUELA ES N° 11,0201600193X,https://resultados.gob.ar/elecciones/1/37915/1/-1/-1/Buenos-Aires/Secci%C3%B3n-Primera/Campana/Campana/0156A/ESCUELA-ES-N%C2%B0-11/0201600193X
Buenos Aires,Sección Primera,Campana,Campana,0156A,ESCUELA ES N° 11,0201600194X,https://resultados.gob.ar/elecciones/1/37916/1/-1/-1/Buenos-Aires/Secci%C3%B3n-Primera/Campana/Campana/0156A/ESCUELA-ES-N%C2%B0-11/0201600194X
Buenos Aires,Sección Primera,Campana,Campana,0156A,ESCUELA ES N° 11,0201600195X,https://resultados.gob.ar/elecciones/1/37917/1/-1/-1/Buenos-Aires/Secci%C3%B3n-Primera/Campana/Campana/0156A/ESCUELA-ES-N%C2%B0-11/0201600195X
Buenos Aires,Sección Primera,Campana,Campana,0156A,ESCUELA ES N°16,0201600196X,https://resultados.gob.ar/elecciones/1/37918/1/-1/-1/Buenos-Aires/Secci%C3%B3n-Primera/Campana/Campana/0156A/ESCUELA-ES-N%C2%B016/0201600196X
Buenos Aires,Sección Primera,Campana,Campana,0156A,ESCUELA ES N°16,0201600197X,https://resultados.gob.ar/elecciones/1/37919/1/-1/-1/Buenos-Aires/Secci%C3%B3n-Primera/Campana/Campana/0156A/ESCUELA-ES-N%C2%B016/0201600197X
Buenos Aires,Sección Primera,Campana,Campana,0156A,ESCUELA ES N°16,0201600198X,https://resultados.gob.ar/elecciones/1/37920/1/-1/-1/Buenos-Aires/Secci%C3%B3n-Primera/Campana/Campana/0156A/ESCUELA-ES-N%C2%B016/0201600198X
Buenos Aires,Sección Primera,Campana,Campana,0156A,ESCUELA ES N°16,0201600199X,https://resultados.gob.ar/elecciones/1/37921/1/-1/-1/Buenos-Aires/Secci%C3%B3n-Primera/Campana/Campana/0156A/ESCUELA-ES-N%C2%B016/0201600199X
Buenos Aires,Sección Primera,Campana,Campana,0156A,ESCUELA ES N°16,0201600200X,https://resultados.gob.ar/elecciones/1/37922/1/-1/-1/Buenos-Aires/Secci%C3%B3n-Primera/Campana/Campana/0156A/ESCUELA-ES-N%C2%B016/0201600200X
Buenos Aires,Sección Primera,Campana,Campana,0156A,ESCUELA ES N°16,0201600201X,https://resultados.gob.ar/elecciones/1/37923/1/-1/-1/Buenos-Aires/Secci%C3%B3n-Primera/Campana/Campana/0156A/ESCUELA-ES-N%C2%B016/0201600201X
Buenos Aires,Sección Primera,Campana,Campana,0156A,ESCUELA ES N°3,0201600202X,https://resultados.gob.ar/elecciones/1/37924/1/-1/-1/Buenos-Aires/Secci%C3%B3n-Primera/Campana/Campana/0156A/ESCUELA-ES-N%C2%B03/0201600202X
Buenos Aires,Sección Primera,Campana,Campana,0156A,ESCUELA ES N°3,0201600203X,https://resultados.gob.ar/elecciones/1/37925/1/-1/-1/Buenos-Aires/Secci%C3%B3n-Primera/Campana/Campana/0156A/ESCUELA-ES-N%C2%B03/0201600203X
Buenos Aires,Sección Primera,Campana,Campana,0156A,ESCUELA ES N°3,0201600204X,https://resultados.gob.ar/elecciones/1/37926/1/-1/-1/Buenos-Aires/Secci%C3%B3n-Primera/Campana/Campana/0156A/ESCUELA-ES-N%C2%B03/0201600204X
Buenos Aires,Sección Primera,Campana,Campana,0156A,ESCUELA ES N°3,0201600205X,https://resultados.gob.ar/elecciones/1/37927/1/-1/-1/Buenos-Aires/Secci%C3%B3n-Primera/Campana/Campana/0156A/ESCUELA-ES-N%C2%B03/0201600205X
Buenos Aires,Sección Primera,Campana,Campana,0156A,ESCUELA ES N°3,0201600206X,https://resultados.gob.ar/elecciones/1/37928/1/-1/-1/Buenos-Aires/Secci%C3%B3n-Primera/Campana/Campana/0156A/ESCUELA-ES-N%C2%B03/0201600206X
Buenos Aires,Sección Primera,Campana,Campana,0156A,ESCUELA ES N°3,0201600207X,https://resultados.gob.ar/elecciones/1/37929/1/-1/-1/Buenos-Aires/Secci%C3%B3n-Primera/Campana/Campana/0156A/ESCUELA-ES-N%C2%B03/0201600207X
Buenos Aires,Sección Primera,Campana,Campana,0156A,ESCUELA ES N°9,0201600186X,https://resultados.gob.ar/elecciones/1/37908/1/-1/-1/Buenos-Aires/Secci%C3%B3n-Primera/Campana/Campana/0156A/ESCUELA-ES-N%C2%B09/0201600186X
Buenos Aires,Sección Primera,Campana,Campana,0156A,ESCUELA ES N°9,0201600187X,https://resultados.gob.ar/elecciones/1/37909/1/-1/-1/Buenos-Aires/Secci%C3%B3n-Primera/Campana/Campana/0156A/ESCUELA-ES-N%C2%B09/0201600187X
Buenos Aires,Sección Primera,Campana,Campana,0156A,ESCUELA ES N°9,0201600188X,https://resultados.gob.ar/elecciones/1/37910/1/-1/-1/Buenos-Aires/Secci%C3%B3n-Primera/Campana/Campana/0156A/ESCUELA-ES-N%C2%B09/0201600188X
Buenos Aires,Sección Primera,Campana,Campana,0156B,ESCUELA EP N°14/ES N°20,0201600223X,https://resultados.gob.ar/elecciones/1/37945/1/-1/-1/Buenos-Aires/Secci%C3%B3n-Primera/Campana/Campana/0156B/ESCUELA-EP-N%C2%B014%2FES-N%C2%B020/0201600223X
Buenos Aires,Sección Primera,Campana,Campana,0156B,ESCUELA EP N°14/ES N°20,0201600224X,https://resultados.gob.ar/elecciones/1/37946/1/-1/-1/Buenos-Aires/Secci%C3%B3n-Primera/Campana/Campana/0156B/ESCUELA-EP-N%C2%B014%2FES-N%C2%B020/0201600224X
Buenos Aires,Sección Primera,Campana,Campana,0156B,ESCUELA EP N°14/ES N°20,0201600225X,https://resultados.gob.ar/elecciones/1/37947/1/-1/-1/Buenos-Aires/Secci%C3%B3n-Primera/Campana/Campana/0156B/ESCUELA-EP-N%C2%B014%2FES-N%C2%B020/0201600225X
Buenos Aires,Sección Primera,Campana,Campana,0156B,ESCUELA EP N°14/ES N°20,0201600226X,https://resultados.gob.ar/elecciones/1/37948/1/-1/-1/Buenos-Aires/Secci%C3%B3n-Primera/Campana/Campana/0156B/ESCUELA-EP-N%C2%B014%2FES-N%C2%B020/0201600226X
Buenos Aires,Sección Primera,Campana,Campana,0156B,ESCUELA EP N°14/ES N°20,0201600227X,https://resultados.gob.ar/elecciones/1/37949/1/-1/-1/Buenos-Aires/Secci%C3%B3n-Primera/Campana/Campana/0156B/ESCUELA-EP-N%C2%B014%2FES-N%C2%B020/0201600227X
Buenos Aires,Sección Primera,Campana,Campana,0156B,ESCUELA EP N°14/ES N°20,0201600228X,https://resultados.gob.ar/elecciones/1/37950/1/-1/-1/Buenos-Aires/Secci%C3%B3n-Primera/Campana/Campana/0156B/ESCUELA-EP-N%C2%B014%2FES-N%C2%B020/0201600228X
Buenos Aires,Sección Primera,Campana,Campana,0156B,ESCUELA EP N°14/ES N°20,0201600229X,https://resultados.gob.ar/elecciones/1/37951/1/-1/-1/Buenos-Aires/Secci%C3%B3n-Primera/Campana/Campana/0156B/ESCUELA-EP-N%C2%B014%2FES-N%C2%B020/0201600229X
Buenos Aires,Sección Primera,Campana,Campana,0156B,ESCUELA EP N°14/ES N°20,0201600230X,https://resultados.gob.ar/elecciones/1/37952/1/-1/-1/Buenos-Aires/Secci%C3%B3n-Primera/Campana/Campana/0156B/ESCUELA-EP-N%C2%B014%2FES-N%C2%B020/0201600230X
Buenos Aires,Sección Primera,Campana,Campana,0156B,ESCUELA EP N°21,0201600236X,https://resultados.gob.ar/elecciones/1/37958/1/-1/-1/Buenos-Aires/Secci%C3%B3n-Primera/Campana/Campana/0156B/ESCUELA-EP-N%C2%B021/0201600236X
Buenos Aires,Sección Primera,Campana,Campana,0156B,ESCUELA EP N°21,0201600237X,https://resultados.gob.ar/elecciones/1/37959/1/-1/-1/Buenos-Aires/Secci%C3%B3n-Primera/Campana/Campana/0156B/ESCUELA-EP-N%C2%B021/0201600237X
Buenos Aires,Sección Primera,Campana,Campana,0156B,ESCUELA EP N°21,0201600238X,https://resultados.gob.ar/elecciones/1/37960/1/-1/-1/Buenos-Aires/Secci%C3%B3n-Primera/Campana/Campana/0156B/ESCUELA-EP-N%C2%B021/0201600238X
Buenos Aires,Sección Primera,Campana,Campana,0156B,ESCUELA EP N°21,0201600239X,https://resultados.gob.ar/elecciones/1/37961/1/-1/-1/Buenos-Aires/Secci%C3%B3n-Primera/Campana/Campana/0156B/ESCUELA-EP-N%C2%B021/0201600239X
Buenos Aires,Sección Primera,Campana,Campana,0156B,ESCUELA EP N°21,0201600240X,https://resultados.gob.ar/elecciones/1/37962/1/-1/-1/Buenos-Aires/Secci%C3%B3n-Primera/Campana/Campana/0156B/ESCUELA-EP-N%C2%B021/0201600240X
Buenos Aires,Sección Primera,Campana,Campana,0156B,ESCUELA EP N°3/ES N°27,0201600214X,https://resultados.gob.ar/elecciones/1/37936/1/-1/-1/Buenos-Aires/Secci%C3%B3n-Primera/Campana/Campana/0156B/ESCUELA-EP-N%C2%B03%2FES-N%C2%B027/0201600214X
Buenos Aires,Sección Primera,Campana,Campana,0156B,ESCUELA EP N°3/ES N°27,0201600215X,https://resultados.gob.ar/elecciones/1/37937/1/-1/-1/Buenos-Aires/Secci%C3%B3n-Primera/Campana/Campana/0156B/ESCUELA-EP-N%C2%B03%2FES-N%C2%B027/0201600215X
Buenos Aires,Sección Primera,Campana,Campana,0156B,ESCUELA EP N°3/ES N°27,0201600216X,https://resultados.gob.ar/elecciones/1/37938/1/-1/-1/Buenos-Aires/Secci%C3%B3n-Primera/Campana/Campana/0156B/ESCUELA-EP-N%C2%B03%2FES-N%C2%B027/0201600216X
Buenos Aires,Sección Primera,Campana,Campana,0156B,ESCUELA EP N°3/ES N°27,0201600217X,https://resultados.gob.ar/elecciones/1/37939/1/-1/-1/Buenos-Aires/Secci%C3%B3n-Primera/Campana/Campana/0156B/ESCUELA-EP-N%C2%B03%2FES-N%C2%B027/0201600217X
Buenos Aires,Sección Primera,Campana,Campana,0156B,ESCUELA EP N°3/ES N°27,0201600218X,https://resultados.gob.ar/elecciones/1/37940/1/-1/-1/Buenos-Aires/Secci%C3%B3n-Primera/Campana/Campana/0156B/ESCUELA-EP-N%C2%B03%2FES-N%C2%B027/0201600218X
Buenos Aires,Sección Primera,Campana,Campana,0156B,ESCUELA EP N°3/ES N°27,0201600219X,https://resultados.gob.ar/elecciones/1/37941/1/-1/-1/Buenos-Aires/Secci%C3%B3n-Primera/Campana/Campana/0156B/ESCUELA-EP-N%C2%B03%2FES-N%C2%B027/0201600219X
Buenos Aires,Sección Primera,Campana,Campana,0156B,ESCUELA EP N°3/ES N°27,0201600220X,https://resultados.gob.ar/elecciones/1/37942/1/-1/-1/Buenos-Aires/Secci%C3%B3n-Primera/Campana/Campana/0156B/ESCUELA-EP-N%C2%B03%2FES-N%C2%B027/0201600220X
Buenos Aires,Sección Primera,Campana,Campana,0156B,ESCUELA EP N°3/ES N°27,0201600221X,https://resultados.gob.ar/elecciones/1/37943/1/-1/-1/Buenos-Aires/Secci%C3%B3n-Primera/Campana/Campana/0156B/ESCUELA-EP-N%C2%B03%2FES-N%C2%B027/0201600221X
Buenos Aires,Sección Primera,Campana,Campana,0156B,ESCUELA EP N°3/ES N°27,0201600222X,https://resultados.gob.ar/elecciones/1/37944/1/-1/-1/Buenos-Aires/Secci%C3%B3n-Primera/Campana/Campana/0156B/ESCUELA-EP-N%C2%B03%2FES-N%C2%B027/0201600222X
Buenos Aires,Sección Primera,Campana,Campana,0156B,ESCUELA EP N°9/ES N°23,0201600241X,https://resultados.gob.ar/elecciones/1/37963/1/-1/-1/Buenos-Aires/Secci%C3%B3n-Primera/Campana/Campana/0156B/ESCUELA-EP-N%C2%B09%2FES-N%C2%B023/0201600241X
Buenos Aires,Sección Primera,Campana,Campana,0156B,ESCUELA EP N°9/ES N°23,0201600242X,https://resultados.gob.ar/elecciones/1/37964/1/-1/-1/Buenos-Aires/Secci%C3%B3n-Primera/Campana/Campana/0156B/ESCUELA-EP-N%C2%B09%2FES-N%C2%B023/0201600242X
Buenos Aires,Sección Primera,Campana,Campana,0156B,ESCUELA EP N°9/ES N°23,0201600243X,https://resultados.gob.ar/elecciones/1/37965/1/-1/-1/Buenos-Aires/Secci%C3%B3n-Primera/Campana/Campana/0156B/ESCUELA-EP-N%C2%B09%2FES-N%C2%B023/0201600243X
Buenos Aires,Sección Primera,Campana,Campana,0156B,ESCUELA EP N°9/ES N°23,0201600244X,https://resultados.gob.ar/elecciones/1/37966/1/-1/-1/Buenos-Aires/Secci%C3%B3n-Primera/Campana/Campana/0156B/ESCUELA-EP-N%C2%B09%2FES-N%C2%B023/0201600244X
Buenos Aires,Sección Primera,Campana,Campana,0156B,ESCUELA EP N°9/ES N°23,0201600245X,https://resultados.gob.ar/elecciones/1/37967/1/-1/-1/Buenos-Aires/Secci%C3%B3n-Primera/Campana/Campana/0156B/ESCUELA-EP-N%C2%B09%2FES-N%C2%B023/0201600245X
Buenos Aires,Sección Primera,Campana,Campana,0156B,ESCUELA EP N°9/ES N°23,0201600246X,https://resultados.gob.ar/elecciones/1/37968/1/-1/-1/Buenos-Aires/Secci%C3%B3n-Primera/Campana/Campana/0156B/ESCUELA-EP-N%C2%B09%2FES-N%C2%B023/0201600246X
Buenos Aires,Sección Primera,Campana,Campana,0156B,ESCUELA EP N°9/ES N°23,0201600247X,https://resultados.gob.ar/elecciones/1/37969/1/-1/-1/Buenos-Aires/Secci%C3%B3n-Primera/Campana/Campana/0156B/ESCUELA-EP-N%C2%B09%2FES-N%C2%B023/0201600247X
Buenos Aires,Sección Primera,Campana,Campana,0156B,ESCUELA EP N°9/ES N°23,0201600248X,https://resultados.gob.ar/elecciones/1/37970/1/-1/-1/Buenos-Aires/Secci%C3%B3n-Primera/Campana/Campana/0156B/ESCUELA-EP-N%C2%B09%2FES-N%C2%B023/0201600248X
Buenos Aires,Sección Primera,Campana,Campana,0156B,ESCUELA ES N°13,0201600231X,https://resultados.gob.ar/elecciones/1/37953/1/-1/-1/Buenos-Aires/Secci%C3%B3n-Primera/Campana/Campana/0156B/ESCUELA-ES-N%C2%B013/0201600231X
Buenos Aires,Sección Primera,Campana,Campana,0156B,ESCUELA ES N°13,0201600232X,https://resultados.gob.ar/elecciones/1/37954/1/-1/-1/Buenos-Aires/Secci%C3%B3n-Primera/Campana/Campana/0156B/ESCUELA-ES-N%C2%B013/0201600232X
Buenos Aires,Sección Primera,Campana,Campana,0156B,ESCUELA ES N°13,0201600233X,https://resultados.gob.ar/elecciones/1/37955/1/-1/-1/Buenos-Aires/Secci%C3%B3n-Primera/Campana/Campana/0156B/ESCUELA-ES-N%C2%B013/0201600233X
Buenos Aires,Sección Primera,Campana,Campana,0156B,ESCUELA ES N°13,0201600234X,https://resultados.gob.ar/elecciones/1/37956/1/-1/-1/Buenos-Aires/Secci%C3%B3n-Primera/Campana/Campana/0156B/ESCUELA-ES-N%C2%B013/0201600234X
Buenos Aires,Sección Primera,Campana,Campana,0156B,ESCUELA ES N°13,0201600235X,https://resultados.gob.ar/elecciones/1/37957/1/-1/-1/Buenos-Aires/Secci%C3%B3n-Primera/Campana/Campana/0156B/ESCUELA-ES-N%C2%B013/0201600235X
