Buenos Aires,Sección Cuarta,Chacabuco,Chacabuco,00189,ESCUELA DE EDUC.CATOLICA (EP),0202900068X,https://resultados.gob.ar/elecciones/1/38927/1/-1/-1/Buenos-Aires/Secci%C3%B3n-Cuarta/Chacabuco/Chacabuco/00189/ESCUELA-DE-EDUC.CATOLICA-(EP)/0202900068X
Buenos Aires,Sección Cuarta,Chacabuco,Chacabuco,00189,ESCUELA DE EDUC.CATOLICA (EP),0202900069X,https://resultados.gob.ar/elecciones/1/38928/1/-1/-1/Buenos-Aires/Secci%C3%B3n-Cuarta/Chacabuco/Chacabuco/00189/ESCUELA-DE-EDUC.CATOLICA-(EP)/0202900069X
Buenos Aires,Sección Cuarta,Chacabuco,Chacabuco,00189,ESCUELA EDUC.ESPECIAL N°501,0202900096X,https://resultados.gob.ar/elecciones/1/38955/1/-1/-1/Buenos-Aires/Secci%C3%B3n-Cuarta/Chacabuco/Chacabuco/00189/ESCUELA-EDUC.ESPECIAL-N%C2%B0501/0202900096X
Buenos Aires,Sección Cuarta,Chacabuco,Chacabuco,00189,ESCUELA EDUC.ESPECIAL N°501,0202900097X,https://resultados.gob.ar/elecciones/1/38956/1/-1/-1/Buenos-Aires/Secci%C3%B3n-Cuarta/Chacabuco/Chacabuco/00189/ESCUELA-EDUC.ESPECIAL-N%C2%B0501/0202900097X
Buenos Aires,Sección Cuarta,Chacabuco,Chacabuco,00189,ESCUELA EDUC.ESPECIAL N°501,0202900098X,https://resultados.gob.ar/elecciones/1/38957/1/-1/-1/Buenos-Aires/Secci%C3%B3n-Cuarta/Chacabuco/Chacabuco/00189/ESCUELA-EDUC.ESPECIAL-N%C2%B0501/0202900098X
Buenos Aires,Sección Cuarta,Chacabuco,Chacabuco,00189,ESCUELA EDUC.ESPECIAL N°501,0202900099X,https://resultados.gob.ar/elecciones/1/38958/1/-1/-1/Buenos-Aires/Secci%C3%B3n-Cuarta/Chacabuco/Chacabuco/00189/ESCUELA-EDUC.ESPECIAL-N%C2%B0501/0202900099X
Buenos Aires,Sección Cuarta,Chacabuco,Chacabuco,00189,ESCUELA EDUC.ESPECIAL N°501,0202900100X,https://resultados.gob.ar/elecciones/1/38959/1/-1/-1/Buenos-Aires/Secci%C3%B3n-Cuarta/Chacabuco/Chacabuco/00189/ESCUELA-EDUC.ESPECIAL-N%C2%B0501/0202900100X
Buenos Aires,Sección Cuarta,Chacabuco,Chacabuco,00189,ESCUELA EDUC.ESPECIAL N°501,0202900101X,https://resultados.gob.ar/elecciones/1/38960/1/-1/-1/Buenos-Aires/Secci%C3%B3n-Cuarta/Chacabuco/Chacabuco/00189/ESCUELA-EDUC.ESPECIAL-N%C2%B0501/0202900101X
Buenos Aires,Sección Cuarta,Chacabuco,Chacabuco,00189,ESCUELA EDUC.ESPECIAL N°501,0202900102X,https://resultados.gob.ar/elecciones/1/38961/1/-1/-1/Buenos-Aires/Secci%C3%B3n-Cuarta/Chacabuco/Chacabuco/00189/ESCUELA-EDUC.ESPECIAL-N%C2%B0501/0202900102X
Buenos Aires,Sección Cuarta,Chacabuco,Chacabuco,00189,ESCUELA EP N°1,0202900088X,https://resultados.gob.ar/elecciones/1/38947/1/-1/-1/Buenos-Aires/Secci%C3%B3n-Cuarta/Chacabuco/Chacabuco/00189/ESCUELA-EP-N%C2%B01/0202900088X
Buenos Aires,Sección Cuarta,Chacabuco,Chacabuco,00189,ESCUELA EP N°1,0202900089X,https://resultados.gob.ar/elecciones/1/38948/1/-1/-1/Buenos-Aires/Secci%C3%B3n-Cuarta/Chacabuco/Chacabuco/00189/ESCUELA-EP-N%C2%B01/0202900089X
Buenos Aires,Sección Cuarta,Chacabuco,Chacabuco,00189,ESCUELA EP N°1,0202900090X,https://resultados.gob.ar/elecciones/1/38949/1/-1/-1/Buenos-Aires/Secci%C3%B3n-Cuarta/Chacabuco/Chacabuco/00189/ESCUELA-EP-N%C2%B01/0202900090X
Buenos Aires,Sección Cuarta,Chacabuco,Chacabuco,00189,ESCUELA EP N°1,0202900091X,https://resultados.gob.ar/elecciones/1/38950/1/-1/-1/Buenos-Aires/Secci%C3%B3n-Cuarta/Chacabuco/Chacabuco/00189/ESCUELA-EP-N%C2%B01/0202900091X
Buenos Aires,Sección Cuarta,Chacabuco,Chacabuco,00189,ESCUELA EP N°1,0202900092X,https://resultados.gob.ar/elecciones/1/38951/1/-1/-1/Buenos-Aires/Secci%C3%B3n-Cuarta/Chacabuco/Chacabuco/00189/ESCUELA-EP-N%C2%B01/0202900092X
Buenos Aires,Sección Cuarta,Chacabuco,Chacabuco,00189,ESCUELA EP N°1,0202900093X,https://resultados.gob.ar/elecciones/1/38952/1/-1/-1/Buenos-Aires/Secci%C3%B3n-Cuarta/Chacabuco/Chacabuco/00189/ESCUELA-EP-N%C2%B01/0202900093X
Buenos Aires,Sección Cuarta,Chacabuco,Chacabuco,00189,ESCUELA EP N°1,0202900094X,https://resultados.gob.ar/elecciones/1/38953/1/-1/-1/Buenos-Aires/Secci%C3%B3n-Cuarta/Chacabuco/Chacabuco/00189/ESCUELA-EP-N%C2%B01/0202900094X
Buenos Aires,Sección Cuarta,Chacabuco,Chacabuco,00189,ESCUELA EP N°1,0202900095X,https://resultados.gob.ar/elecciones/1/38954/1/-1/-1/Buenos-Aires/Secci%C3%B3n-Cuarta/Chacabuco/Chacabuco/00189/ESCUELA-EP-N%C2%B01/0202900095X
Buenos Aires,Sección Cuarta,Chacabuco,Chacabuco,00189,ESCUELA EP N°10,0202900009X,https://resultados.gob.ar/elecciones/1/38868/1/-1/-1/Buenos-Aires/Secci%C3%B3n-Cuarta/Chacabuco/Chacabuco/00189/ESCUELA-EP-N%C2%B010/0202900009X
Buenos Aires,Sección Cuarta,Chacabuco,Chacabuco,00189,ESCUELA EP N°10,0202900010X,https://resultados.gob.ar/elecciones/1/38869/1/-1/-1/Buenos-Aires/Secci%C3%B3n-Cuarta/Chacabuco/Chacabuco/00189/ESCUELA-EP-N%C2%B010/0202900010X
Buenos Aires,Sección Cuarta,Chacabuco,Chacabuco,00189,ESCUELA EP N°10,0202900011X,https://resultados.gob.ar/elecciones/1/38870/1/-1/-1/Buenos-Aires/Secci%C3%B3n-Cuarta/Chacabuco/Chacabuco/00189/ESCUELA-EP-N%C2%B010/0202900011X
Buenos Aires,Sección Cuarta,Chacabuco,Chacabuco,00189,ESCUELA EP N°10,0202900012X,https://resultados.gob.ar/elecciones/1/38871/1/-1/-1/Buenos-Aires/Secci%C3%B3n-Cuarta/Chacabuco/Chacabuco/00189/ESCUELA-EP-N%C2%B010/0202900012X
Buenos Aires,Sección Cuarta,Chacabuco,Chacabuco,00189,ESCUELA EP N°10,0202900013X,https://resultados.gob.ar/elecciones/1/38872/1/-1/-1/Buenos-Aires/Secci%C3%B3n-Cuarta/Chacabuco/Chacabuco/00189/ESCUELA-EP-N%C2%B010/0202900013X
Buenos Aires,Sección Cuarta,Chacabuco,Chacabuco,00189,ESCUELA EP N°10,0202900014X,https://resultados.gob.ar/elecciones/1/38873/1/-1/-1/Buenos-Aires/Secci%C3%B3n-Cuarta/Chacabuco/Chacabuco/00189/ESCUELA-EP-N%C2%B010/0202900014X
Buenos Aires,Sección Cuarta,Chacabuco,Chacabuco,00189,ESCUELA EP N°12/ESCUELA .EDUC.ESTETICA N°1,0202900051X,https://resultados.gob.ar/elecciones/1/38910/1/-1/-1/Buenos-Aires/Secci%C3%B3n-Cuarta/Chacabuco/Chacabuco/00189/ESCUELA-EP-N%C2%B012%2FESCUELA-.EDUC.ESTETICA-N%C2%B01/0202900051X
Buenos Aires,Sección Cuarta,Chacabuco,Chacabuco,00189,ESCUELA EP N°12/ESCUELA .EDUC.ESTETICA N°1,0202900052X,https://resultados.gob.ar/elecciones/1/38911/1/-1/-1/Buenos-Aires/Secci%C3%B3n-Cuarta/Chacabuco/Chacabuco/00189/ESCUELA-EP-N%C2%B012%2FESCUELA-.EDUC.ESTETICA-N%C2%B01/0202900052X
Buenos Aires,Sección Cuarta,Chacabuco,Chacabuco,00189,ESCUELA EP N°12/ESCUELA .EDUC.ESTETICA N°1,0202900053X,https://resultados.gob.ar/elecciones/1/38912/1/-1/-1/Buenos-Aires/Secci%C3%B3n-Cuarta/Chacabuco/Chacabuco/00189/ESCUELA-EP-N%C2%B012%2FESCUELA-.EDUC.ESTETICA-N%C2%B01/0202900053X
Buenos Aires,Sección Cuarta,Chacabuco,Chacabuco,00189,ESCUELA EP N°12/ESCUELA .EDUC.ESTETICA N°1,0202900054X,https://resultados.gob.ar/elecciones/1/38913/1/-1/-1/Buenos-Aires/Secci%C3%B3n-Cuarta/Chacabuco/Chacabuco/00189/ESCUELA-EP-N%C2%B012%2FESCUELA-.EDUC.ESTETICA-N%C2%B01/0202900054X
Buenos Aires,Sección Cuarta,Chacabuco,Chacabuco,00189,ESCUELA EP N°12/ESCUELA .EDUC.ESTETICA N°1,0202900055X,https://resultados.gob.ar/elecciones/1/38914/1/-1/-1/Buenos-Aires/Secci%C3%B3n-Cuarta/Chacabuco/Chacabuco/00189/ESCUELA-EP-N%C2%B012%2FESCUELA-.EDUC.ESTETICA-N%C2%B01/0202900055X
Buenos Aires,Sección Cuarta,Chacabuco,Chacabuco,00189,ESCUELA EP N°12/ESCUELA .EDUC.ESTETICA N°1,0202900056X,https://resultados.gob.ar/elecciones/1/38915/1/-1/-1/Buenos-Aires/Secci%C3%B3n-Cuarta/Chacabuco/Chacabuco/00189/ESCUELA-EP-N%C2%B012%2FESCUELA-.EDUC.ESTETICA-N%C2%B01/0202900056X
Buenos Aires,Sección Cuarta,Chacabuco,Chacabuco,00189,ESCUELA EP N°14/ES N°1 ANEXO,0202900057X,https://resultados.gob.ar/elecciones/1/38916/1/-1/-1/Buenos-Aires/Secci%C3%B3n-Cuarta/Chacabuco/Chacabuco/00189/ESCUELA-EP-N%C2%B014%2FES-N%C2%B01-ANEXO/0202900057X
Buenos Aires,Sección Cuarta,Chacabuco,Chacabuco,00189,ESCUELA EP N°14/ES N°1 ANEXO,0202900058X,https://resultados.gob.ar/elecciones/1/38917/1/-1/-1/Buenos-Aires/Secci%C3%B3n-Cuarta/Chacabuco/Chacabuco/00189/ESCUELA-EP-N%C2%B014%2FES-N%C2%B01-ANEXO/0202900058X
Buenos Aires,Sección Cuarta,Chacabuco,Chacabuco,00189,ESCUELA EP N°14/ES N°1 ANEXO,0202900059X,https://resultados.gob.ar/elecciones/1/38918/1/-1/-1/Buenos-Aires/Secci%C3%B3n-Cuarta/Chacabuco/Chacabuco/00189/ESCUELA-EP-N%C2%B014%2FES-N%C2%B01-ANEXO/0202900059X
Buenos Aires,Sección Cuarta,Chacabuco,Chacabuco,00189,ESCUELA EP N°14/ES N°1 ANEXO,0202900060X,https://resultados.gob.ar/elecciones/1/38919/1/-1/-1/Buenos-Aires/Secci%C3%B3n-Cuarta/Chacabuco/Chacabuco/00189/ESCUELA-EP-N%C2%B014%2FES-N%C2%B01-ANEXO/0202900060X
Buenos Aires,Sección Cuarta,Chacabuco,Chacabuco,00189,ESCUELA EP N°14/ES N°1 ANEXO,0202900061X,https://resultados.gob.ar/elecciones/1/38920/1/-1/-1/Buenos-Aires/Secci%C3%B3n-Cuarta/Chacabuco/Chacabuco/00189/ESCUELA-EP-N%C2%B014%2FES-N%C2%B01-ANEXO/0202900061X
Buenos Aires,Sección Cuarta,Chacabuco,Chacabuco,00189,ESCUELA EP N°14/ES N°1 ANEXO,0202900062X,https://resultados.gob.ar/elecciones/1/38921/1/-1/-1/Buenos-Aires/Secci%C3%B3n-Cuarta/Chacabuco/Chacabuco/00189/ESCUELA-EP-N%C2%B014%2FES-N%C2%B01-ANEXO/0202900062X
Buenos Aires,Sección Cuarta,Chacabuco,Chacabuco,00189,ESCUELA EP N°22,0202900063X,https://resultados.gob.ar/elecciones/1/38922/1/-1/-1/Buenos-Aires/Secci%C3%B3n-Cuarta/Chacabuco/Chacabuco/00189/ESCUELA-EP-N%C2%B022/0202900063X
Buenos Aires,Sección Cuarta,Chacabuco,Chacabuco,00189,ESCUELA EP N°22,0202900064X,https://resultados.gob.ar/elecciones/1/38923/1/-1/-1/Buenos-Aires/Secci%C3%B3n-Cuarta/Chacabuco/Chacabuco/00189/ESCUELA-EP-N%C2%B022/0202900064X
Buenos Aires,Sección Cuarta,Chacabuco,Chacabuco,00189,ESCUELA EP N°22,0202900065X,https://resultados.gob.ar/elecciones/1/38924/1/-1/-1/Buenos-Aires/Secci%C3%B3n-Cuarta/Chacabuco/Chacabuco/00189/ESCUELA-EP-N%C2%B022/0202900065X
Buenos Aires,Sección Cuarta,Chacabuco,Chacabuco,00189,ESCUELA EP N°22,0202900066X,https://resultados.gob.ar/elecciones/1/38925/1/-1/-1/Buenos-Aires/Secci%C3%B3n-Cuarta/Chacabuco/Chacabuco/00189/ESCUELA-EP-N%C2%B022/0202900066X
Buenos Aires,Sección Cuarta,Chacabuco,Chacabuco,00189,ESCUELA EP N°22,0202900067X,https://resultados.gob.ar/elecciones/1/38926/1/-1/-1/Buenos-Aires/Secci%C3%B3n-Cuarta/Chacabuco/Chacabuco/00189/ESCUELA-EP-N%C2%B022/0202900067X
Buenos Aires,Sección Cuarta,Chacabuco,Chacabuco,00189,ESCUELA EP N°27,0202900031X,https://resultados.gob.ar/elecciones/1/38890/1/-1/-1/Buenos-Aires/Secci%C3%B3n-Cuarta/Chacabuco/Chacabuco/00189/ESCUELA-EP-N%C2%B027/0202900031X
Buenos Aires,Sección Cuarta,Chacabuco,Chacabuco,00189,ESCUELA EP N°27,0202900032X,https://resultados.gob.ar/elecciones/1/38891/1/-1/-1/Buenos-Aires/Secci%C3%B3n-Cuarta/Chacabuco/Chacabuco/00189/ESCUELA-EP-N%C2%B027/0202900032X
Buenos Aires,Sección Cuarta,Chacabuco,Chacabuco,00189,ESCUELA EP N°27,0202900033X,https://resultados.gob.ar/elecciones/1/38892/1/-1/-1/Buenos-Aires/Secci%C3%B3n-Cuarta/Chacabuco/Chacabuco/00189/ESCUELA-EP-N%C2%B027/0202900033X
Buenos Aires,Sección Cuarta,Chacabuco,Chacabuco,00189,ESCUELA EP N°27,0202900034X,https://resultados.gob.ar/elecciones/1/38893/1/-1/-1/Buenos-Aires/Secci%C3%B3n-Cuarta/Chacabuco/Chacabuco/00189/ESCUELA-EP-N%C2%B027/0202900034X
Buenos Aires,Sección Cuarta,Chacabuco,Chacabuco,00189,ESCUELA EP N°3,0202900039X,https://resultados.gob.ar/elecciones/1/38898/1/-1/-1/Buenos-Aires/Secci%C3%B3n-Cuarta/Chacabuco/Chacabuco/00189/ESCUELA-EP-N%C2%B03/0202900039X
Buenos Aires,Sección Cuarta,Chacabuco,Chacabuco,00189,ESCUELA EP N°3,0202900040X,https://resultados.gob.ar/elecciones/1/38899/1/-1/-1/Buenos-Aires/Secci%C3%B3n-Cuarta/Chacabuco/Chacabuco/00189/ESCUELA-EP-N%C2%B03/0202900040X
Buenos Aires,Sección Cuarta,Chacabuco,Chacabuco,00189,ESCUELA EP N°3,0202900041X,https://resultados.gob.ar/elecciones/1/38900/1/-1/-1/Buenos-Aires/Secci%C3%B3n-Cuarta/Chacabuco/Chacabuco/00189/ESCUELA-EP-N%C2%B03/0202900041X
Buenos Aires,Sección Cuarta,Chacabuco,Chacabuco,00189,ESCUELA EP N°3,0202900042X,https://resultados.gob.ar/elecciones/1/38901/1/-1/-1/Buenos-Aires/Secci%C3%B3n-Cuarta/Chacabuco/Chacabuco/00189/ESCUELA-EP-N%C2%B03/0202900042X
Buenos Aires,Sección Cuarta,Chacabuco,Chacabuco,00189,ESCUELA EP N°3,0202900043X,https://resultados.gob.ar/elecciones/1/38902/1/-1/-1/Buenos-Aires/Secci%C3%B3n-Cuarta/Chacabuco/Chacabuco/00189/ESCUELA-EP-N%C2%B03/0202900043X
Buenos Aires,Sección Cuarta,Chacabuco,Chacabuco,00189,ESCUELA EP N°3,0202900044X,https://resultados.gob.ar/elecciones/1/38903/1/-1/-1/Buenos-Aires/Secci%C3%B3n-Cuarta/Chacabuco/Chacabuco/00189/ESCUELA-EP-N%C2%B03/0202900044X
Buenos Aires,Sección Cuarta,Chacabuco,Chacabuco,00189,ESCUELA EP N°4,0202900048X,https://resultados.gob.ar/elecciones/1/38907/1/-1/-1/Buenos-Aires/Secci%C3%B3n-Cuarta/Chacabuco/Chacabuco/00189/ESCUELA-EP-N%C2%B04/0202900048X
Buenos Aires,Sección Cuarta,Chacabuco,Chacabuco,00189,ESCUELA EP N°4,0202900049X,https://resultados.gob.ar/elecciones/1/38908/1/-1/-1/Buenos-Aires/Secci%C3%B3n-Cuarta/Chacabuco/Chacabuco/00189/ESCUELA-EP-N%C2%B04/0202900049X
Buenos Aires,Sección Cuarta,Chacabuco,Chacabuco,00189,ESCUELA EP N°4,0202900050X,https://resultados.gob.ar/elecciones/1/38909/1/-1/-1/Buenos-Aires/Secci%C3%B3n-Cuarta/Chacabuco/Chacabuco/00189/ESCUELA-EP-N%C2%B04/0202900050X
Buenos Aires,Sección Cuarta,Chacabuco,Chacabuco,00189,ESCUELA EP N°45/ES N°6,0202900107X,https://resultados.gob.ar/elecciones/1/38966/1/-1/-1/Buenos-Aires/Secci%C3%B3n-Cuarta/Chacabuco/Chacabuco/00189/ESCUELA-EP-N%C2%B045%2FES-N%C2%B06/0202900107X
Buenos Aires,Sección Cuarta,Chacabuco,Chacabuco,00189,ESCUELA EP N°45/ES N°6,0202900108X,https://resultados.gob.ar/elecciones/1/38967/1/-1/-1/Buenos-Aires/Secci%C3%B3n-Cuarta/Chacabuco/Chacabuco/00189/ESCUELA-EP-N%C2%B045%2FES-N%C2%B06/0202900108X
Buenos Aires,Sección Cuarta,Chacabuco,Chacabuco,00189,ESCUELA EP N°45/ES N°6,0202900109X,https://resultados.gob.ar/elecciones/1/38968/1/-1/-1/Buenos-Aires/Secci%C3%B3n-Cuarta/Chacabuco/Chacabuco/00189/ESCUELA-EP-N%C2%B045%2FES-N%C2%B06/0202900109X
Buenos Aires,Sección Cuarta,Chacabuco,Chacabuco,00189,ESCUELA EP N°45/ES N°6,0202900110X,https://resultados.gob.ar/elecciones/1/38969/1/-1/-1/Buenos-Aires/Secci%C3%B3n-Cuarta/Chacabuco/Chacabuco/00189/ESCUELA-EP-N%C2%B045%2FES-N%C2%B06/0202900110X
Buenos Aires,Sección Cuarta,Chacabuco,Chacabuco,00189,ESCUELA EP N°45/ES N°6,0202900111X,https://resultados.gob.ar/elecciones/1/38970/1/-1/-1/Buenos-Aires/Secci%C3%B3n-Cuarta/Chacabuco/Chacabuco/00189/ESCUELA-EP-N%C2%B045%2FES-N%C2%B06/0202900111X
Buenos Aires,Sección Cuarta,Chacabuco,Chacabuco,00189,ESCUELA EP N°45/ES N°6,0202900112X,https://resultados.gob.ar/elecciones/1/38971/1/-1/-1/Buenos-Aires/Secci%C3%B3n-Cuarta/Chacabuco/Chacabuco/00189/ESCUELA-EP-N%C2%B045%2FES-N%C2%B06/0202900112X
Buenos Aires,Sección Cuarta,Chacabuco,Chacabuco,00189,ESCUELA EP N°49,0202900080X,https://resultados.gob.ar/elecciones/1/38939/1/-1/-1/Buenos-Aires/Secci%C3%B3n-Cuarta/Chacabuco/Chacabuco/00189/ESCUELA-EP-N%C2%B049/0202900080X
Buenos Aires,Sección Cuarta,Chacabuco,Chacabuco,00189,ESCUELA EP N°49,0202900081X,https://resultados.gob.ar/elecciones/1/38940/1/-1/-1/Buenos-Aires/Secci%C3%B3n-Cuarta/Chacabuco/Chacabuco/00189/ESCUELA-EP-N%C2%B049/0202900081X
Buenos Aires,Sección Cuarta,Chacabuco,Chacabuco,00189,ESCUELA EP N°49,0202900082X,https://resultados.gob.ar/elecciones/1/38941/1/-1/-1/Buenos-Aires/Secci%C3%B3n-Cuarta/Chacabuco/Chacabuco/00189/ESCUELA-EP-N%C2%B049/0202900082X
Buenos Aires,Sección Cuarta,Chacabuco,Chacabuco,00189,ESCUELA EP N°49,0202900083X,https://resultados.gob.ar/elecciones/1/38942/1/-1/-1/Buenos-Aires/Secci%C3%B3n-Cuarta/Chacabuco/Chacabuco/00189/ESCUELA-EP-N%C2%B049/0202900083X
Buenos Aires,Sección Cuarta,Chacabuco,Chacabuco,00189,ESCUELA EP N°49,0202900084X,https://resultados.gob.ar/elecciones/1/38943/1/-1/-1/Buenos-Aires/Secci%C3%B3n-Cuarta/Chacabuco/Chacabuco/00189/ESCUELA-EP-N%C2%B049/0202900084X
Buenos Aires,Sección Cuarta,Chacabuco,Chacabuco,00189,ESCUELA EP N°49,0202900085X,https://resultados.gob.ar/elecciones/1/38944/1/-1/-1/Buenos-Aires/Secci%C3%B3n-Cuarta/Chacabuco/Chacabuco/00189/ESCUELA-EP-N%C2%B049/0202900085X
Buenos Aires,Sección Cuarta,Chacabuco,Chacabuco,00189,ESCUELA EP N°49,0202900086X,https://resultados.gob.ar/elecciones/1/38945/1/-1/-1/Buenos-Aires/Secci%C3%B3n-Cuarta/Chacabuco/Chacabuco/00189/ESCUELA-EP-N%C2%B049/0202900086X
Buenos Aires,Sección Cuarta,Chacabuco,Chacabuco,00189,ESCUELA EP N°49,0202900087X,https://resultados.gob.ar/elecciones/1/38946/1/-1/-1/Buenos-Aires/Secci%C3%B3n-Cuarta/Chacabuco/Chacabuco/00189/ESCUELA-EP-N%C2%B049/0202900087X
Buenos Aires,Sección Cuarta,Chacabuco,Chacabuco,00189,ESCUELA EP N°50,0202900045X,https://resultados.gob.ar/elecciones/1/38904/1/-1/-1/Buenos-Aires/Secci%C3%B3n-Cuarta/Chacabuco/Chacabuco/00189/ESCUELA-EP-N%C2%B050/0202900045X
Buenos Aires,Sección Cuarta,Chacabuco,Chacabuco,00189,ESCUELA EP N°50,0202900046X,https://resultados.gob.ar/elecciones/1/38905/1/-1/-1/Buenos-Aires/Secci%C3%B3n-Cuarta/Chacabuco/Chacabuco/00189/ESCUELA-EP-N%C2%B050/0202900046X
Buenos Aires,Sección Cuarta,Chacabuco,Chacabuco,00189,ESCUELA EP N°50,0202900047X,https://resultados.gob.ar/elecciones/1/38906/1/-1/-1/Buenos-Aires/Secci%C3%B3n-Cuarta/Chacabuco/Chacabuco/00189/ESCUELA-EP-N%C2%B050/0202900047X
Buenos Aires,Sección Cuarta,Chacabuco,Chacabuco,00189,ESCUELA EP N°7,0202900103X,https://resultados.gob.ar/elecciones/1/38962/1/-1/-1/Buenos-Aires/Secci%C3%B3n-Cuarta/Chacabuco/Chacabuco/00189/ESCUELA-EP-N%C2%B07/0202900103X
Buenos Aires,Sección Cuarta,Chacabuco,Chacabuco,00189,ESCUELA EP N°7,0202900104X,https://resultados.gob.ar/elecciones/1/38963/1/-1/-1/Buenos-Aires/Secci%C3%B3n-Cuarta/Chacabuco/Chacabuco/00189/ESCUELA-EP-N%C2%B07/0202900104X
Buenos Aires,Sección Cuarta,Chacabuco,Chacabuco,00189,ESCUELA EP N°7,0202900105X,https://resultados.gob.ar/elecciones/1/38964/1/-1/-1/Buenos-Aires/Secci%C3%B3n-Cuarta/Chacabuco/Chacabuco/00189/ESCUELA-EP-N%C2%B07/0202900105X
Buenos Aires,Sección Cuarta,Chacabuco,Chacabuco,00189,ESCUELA EP N°7,0202900106X,https://resultados.gob.ar/elecciones/1/38965/1/-1/-1/Buenos-Aires/Secci%C3%B3n-Cuarta/Chacabuco/Chacabuco/00189/ESCUELA-EP-N%C2%B07/0202900106X
Buenos Aires,Sección Cuarta,Chacabuco,Chacabuco,00189,ESCUELA ES N°1,0202900076X,https://resultados.gob.ar/elecciones/1/38935/1/-1/-1/Buenos-Aires/Secci%C3%B3n-Cuarta/Chacabuco/Chacabuco/00189/ESCUELA-ES-N%C2%B01/0202900076X
Buenos Aires,Sección Cuarta,Chacabuco,Chacabuco,00189,ESCUELA ES N°1,0202900077X,https://resultados.gob.ar/elecciones/1/38936/1/-1/-1/Buenos-Aires/Secci%C3%B3n-Cuarta/Chacabuco/Chacabuco/00189/ESCUELA-ES-N%C2%B01/0202900077X
Buenos Aires,Sección Cuarta,Chacabuco,Chacabuco,00189,ESCUELA ES N°1,0202900078X,https://resultados.gob.ar/elecciones/1/38937/1/-1/-1/Buenos-Aires/Secci%C3%B3n-Cuarta/Chacabuco/Chacabuco/00189/ESCUELA-ES-N%C2%B01/0202900078X
Buenos Aires,Sección Cuarta,Chacabuco,Chacabuco,00189,ESCUELA ES N°1,0202900079X,https://resultados.gob.ar/elecciones/1/38938/1/-1/-1/Buenos-Aires/Secci%C3%B3n-Cuarta/Chacabuco/Chacabuco/00189/ESCUELA-ES-N%C2%B01/0202900079X
Buenos Aires,Sección Cuarta,Chacabuco,Chacabuco,00189,ESCUELA ES N°3/ES N°4,0202900015X,https://resultados.gob.ar/elecciones/1/38874/1/-1/-1/Buenos-Aires/Secci%C3%B3n-Cuarta/Chacabuco/Chacabuco/00189/ESCUELA-ES-N%C2%B03%2FES-N%C2%B04/0202900015X
Buenos Aires,Sección Cuarta,Chacabuco,Chacabuco,00189,ESCUELA ES N°3/ES N°4,0202900016X,https://resultados.gob.ar/elecciones/1/38875/1/-1/-1/Buenos-Aires/Secci%C3%B3n-Cuarta/Chacabuco/Chacabuco/00189/ESCUELA-ES-N%C2%B03%2FES-N%C2%B04/0202900016X
Buenos Aires,Sección Cuarta,Chacabuco,Chacabuco,00189,ESCUELA ES N°3/ES N°4,0202900017X,https://resultados.gob.ar/elecciones/1/38876/1/-1/-1/Buenos-Aires/Secci%C3%B3n-Cuarta/Chacabuco/Chacabuco/00189/ESCUELA-ES-N%C2%B03%2FES-N%C2%B04/0202900017X
Buenos Aires,Sección Cuarta,Chacabuco,Chacabuco,00189,ESCUELA ES N°3/ES N°4,0202900018X,https://resultados.gob.ar/elecciones/1/38877/1/-1/-1/Buenos-Aires/Secci%C3%B3n-Cuarta/Chacabuco/Chacabuco/00189/ESCUELA-ES-N%C2%B03%2FES-N%C2%B04/0202900018X
Buenos Aires,Sección Cuarta,Chacabuco,Chacabuco,00189,ESCUELA ES N°3/ES N°4,0202900019X,https://resultados.gob.ar/elecciones/1/38878/1/-1/-1/Buenos-Aires/Secci%C3%B3n-Cuarta/Chacabuco/Chacabuco/00189/ESCUELA-ES-N%C2%B03%2FES-N%C2%B04/0202900019X
Buenos Aires,Sección Cuarta,Chacabuco,Chacabuco,00189,ESCUELA ES N°3/ES N°4,0202900020X,https://resultados.gob.ar/elecciones/1/38879/1/-1/-1/Buenos-Aires/Secci%C3%B3n-Cuarta/Chacabuco/Chacabuco/00189/ESCUELA-ES-N%C2%B03%2FES-N%C2%B04/0202900020X
Buenos Aires,Sección Cuarta,Chacabuco,Chacabuco,00189,ESCUELA ES N°3/ES N°4,0202900021X,https://resultados.gob.ar/elecciones/1/38880/1/-1/-1/Buenos-Aires/Secci%C3%B3n-Cuarta/Chacabuco/Chacabuco/00189/ESCUELA-ES-N%C2%B03%2FES-N%C2%B04/0202900021X
Buenos Aires,Sección Cuarta,Chacabuco,Chacabuco,00189,ESCUELA ES N°3/ES N°4,0202900022X,https://resultados.gob.ar/elecciones/1/38881/1/-1/-1/Buenos-Aires/Secci%C3%B3n-Cuarta/Chacabuco/Chacabuco/00189/ESCUELA-ES-N%C2%B03%2FES-N%C2%B04/0202900022X
Buenos Aires,Sección Cuarta,Chacabuco,Chacabuco,00189,ESCUELA ES N°8,0202900035X,https://resultados.gob.ar/elecciones/1/38894/1/-1/-1/Buenos-Aires/Secci%C3%B3n-Cuarta/Chacabuco/Chacabuco/00189/ESCUELA-ES-N%C2%B08/0202900035X
Buenos Aires,Sección Cuarta,Chacabuco,Chacabuco,00189,ESCUELA ES N°8,0202900036X,https://resultados.gob.ar/elecciones/1/38895/1/-1/-1/Buenos-Aires/Secci%C3%B3n-Cuarta/Chacabuco/Chacabuco/00189/ESCUELA-ES-N%C2%B08/0202900036X
Buenos Aires,Sección Cuarta,Chacabuco,Chacabuco,00189,ESCUELA ES N°8,0202900037X,https://resultados.gob.ar/elecciones/1/38896/1/-1/-1/Buenos-Aires/Secci%C3%B3n-Cuarta/Chacabuco/Chacabuco/00189/ESCUELA-ES-N%C2%B08/0202900037X
Buenos Aires,Sección Cuarta,Chacabuco,Chacabuco,00189,ESCUELA ES N°8,0202900038X,https://resultados.gob.ar/elecciones/1/38897/1/-1/-1/Buenos-Aires/Secci%C3%B3n-Cuarta/Chacabuco/Chacabuco/00189/ESCUELA-ES-N%C2%B08/0202900038X
Buenos Aires,Sección Cuarta,Chacabuco,Chacabuco,00189,ESCUELA EST N°1,0202900023X,https://resultados.gob.ar/elecciones/1/38882/1/-1/-1/Buenos-Aires/Secci%C3%B3n-Cuarta/Chacabuco/Chacabuco/00189/ESCUELA-EST-N%C2%B01/0202900023X
Buenos Aires,Sección Cuarta,Chacabuco,Chacabuco,00189,ESCUELA EST N°1,0202900024X,https://resultados.gob.ar/elecciones/1/38883/1/-1/-1/Buenos-Aires/Secci%C3%B3n-Cuarta/Chacabuco/Chacabuco/00189/ESCUELA-EST-N%C2%B01/0202900024X
Buenos Aires,Sección Cuarta,Chacabuco,Chacabuco,00189,ESCUELA EST N°1,0202900025X,https://resultados.gob.ar/elecciones/1/38884/1/-1/-1/Buenos-Aires/Secci%C3%B3n-Cuarta/Chacabuco/Chacabuco/00189/ESCUELA-EST-N%C2%B01/0202900025X
Buenos Aires,Sección Cuarta,Chacabuco,Chacabuco,00189,ESCUELA EST N°1,0202900026X,https://resultados.gob.ar/elecciones/1/38885/1/-1/-1/Buenos-Aires/Secci%C3%B3n-Cuarta/Chacabuco/Chacabuco/00189/ESCUELA-EST-N%C2%B01/0202900026X
Buenos Aires,Sección Cuarta,Chacabuco,Chacabuco,00189,ESCUELA EST N°1,0202900027X,https://resultados.gob.ar/elecciones/1/38886/1/-1/-1/Buenos-Aires/Secci%C3%B3n-Cuarta/Chacabuco/Chacabuco/00189/ESCUELA-EST-N%C2%B01/0202900027X
Buenos Aires,Sección Cuarta,Chacabuco,Chacabuco,00189,ESCUELA EST N°1,0202900028X,https://resultados.gob.ar/elecciones/1/38887/1/-1/-1/Buenos-Aires/Secci%C3%B3n-Cuarta/Chacabuco/Chacabuco/00189/ESCUELA-EST-N%C2%B01/0202900028X
Buenos Aires,Sección Cuarta,Chacabuco,Chacabuco,00189,ESCUELA EST N°1,0202900029X,https://resultados.gob.ar/elecciones/1/38888/1/-1/-1/Buenos-Aires/Secci%C3%B3n-Cuarta/Chacabuco/Chacabuco/00189/ESCUELA-EST-N%C2%B01/0202900029X
Buenos Aires,Sección Cuarta,Chacabuco,Chacabuco,00189,ESCUELA EST N°1,0202900030X,https://resultados.gob.ar/elecciones/1/38889/1/-1/-1/Buenos-Aires/Secci%C3%B3n-Cuarta/Chacabuco/Chacabuco/00189/ESCUELA-EST-N%C2%B01/0202900030X
Buenos Aires,Sección Cuarta,Chacabuco,Chacabuco,00189,INSTITUTO DE EDUC.CATOLICA,0202900070X,https://resultados.gob.ar/elecciones/1/38929/1/-1/-1/Buenos-Aires/Secci%C3%B3n-Cuarta/Chacabuco/Chacabuco/00189/INSTITUTO-DE-EDUC.CATOLICA/0202900070X
Buenos Aires,Sección Cuarta,Chacabuco,Chacabuco,00189,INSTITUTO DE EDUC.CATOLICA,0202900071X,https://resultados.gob.ar/elecciones/1/38930/1/-1/-1/Buenos-Aires/Secci%C3%B3n-Cuarta/Chacabuco/Chacabuco/00189/INSTITUTO-DE-EDUC.CATOLICA/0202900071X
Buenos Aires,Sección Cuarta,Chacabuco,Chacabuco,00189,INSTITUTO DE EDUC.CATOLICA,0202900072X,https://resultados.gob.ar/elecciones/1/38931/1/-1/-1/Buenos-Aires/Secci%C3%B3n-Cuarta/Chacabuco/Chacabuco/00189/INSTITUTO-DE-EDUC.CATOLICA/0202900072X
Buenos Aires,Sección Cuarta,Chacabuco,Chacabuco,00189,INSTITUTO DE EDUC.CATOLICA,0202900073X,https://resultados.gob.ar/elecciones/1/38932/1/-1/-1/Buenos-Aires/Secci%C3%B3n-Cuarta/Chacabuco/Chacabuco/00189/INSTITUTO-DE-EDUC.CATOLICA/0202900073X
Buenos Aires,Sección Cuarta,Chacabuco,Chacabuco,00189,INSTITUTO DE EDUC.CATOLICA,0202900074X,https://resultados.gob.ar/elecciones/1/38933/1/-1/-1/Buenos-Aires/Secci%C3%B3n-Cuarta/Chacabuco/Chacabuco/00189/INSTITUTO-DE-EDUC.CATOLICA/0202900074X
Buenos Aires,Sección Cuarta,Chacabuco,Chacabuco,00189,INSTITUTO DE EDUC.CATOLICA,0202900075X,https://resultados.gob.ar/elecciones/1/38934/1/-1/-1/Buenos-Aires/Secci%C3%B3n-Cuarta/Chacabuco/Chacabuco/00189/INSTITUTO-DE-EDUC.CATOLICA/0202900075X
Buenos Aires,Sección Cuarta,Chacabuco,Chacabuco,00189,MUNICIPALIDAD DE CHACABUCO,0202900001X,https://resultados.gob.ar/elecciones/1/38860/1/-1/-1/Buenos-Aires/Secci%C3%B3n-Cuarta/Chacabuco/Chacabuco/00189/MUNICIPALIDAD-DE-CHACABUCO/0202900001X
Buenos Aires,Sección Cuarta,Chacabuco,Chacabuco,00189,MUNICIPALIDAD DE CHACABUCO,0202900002X,https://resultados.gob.ar/elecciones/1/38861/1/-1/-1/Buenos-Aires/Secci%C3%B3n-Cuarta/Chacabuco/Chacabuco/00189/MUNICIPALIDAD-DE-CHACABUCO/0202900002X
Buenos Aires,Sección Cuarta,Chacabuco,Chacabuco,00189,MUNICIPALIDAD DE CHACABUCO,0202900003X,https://resultados.gob.ar/elecciones/1/38862/1/-1/-1/Buenos-Aires/Secci%C3%B3n-Cuarta/Chacabuco/Chacabuco/00189/MUNICIPALIDAD-DE-CHACABUCO/0202900003X
Buenos Aires,Sección Cuarta,Chacabuco,Chacabuco,00189,MUNICIPALIDAD DE CHACABUCO,0202900004X,https://resultados.gob.ar/elecciones/1/38863/1/-1/-1/Buenos-Aires/Secci%C3%B3n-Cuarta/Chacabuco/Chacabuco/00189/MUNICIPALIDAD-DE-CHACABUCO/0202900004X
Buenos Aires,Sección Cuarta,Chacabuco,Chacabuco,00189,MUNICIPALIDAD DE CHACABUCO,0202900005X,https://resultados.gob.ar/elecciones/1/38864/1/-1/-1/Buenos-Aires/Secci%C3%B3n-Cuarta/Chacabuco/Chacabuco/00189/MUNICIPALIDAD-DE-CHACABUCO/0202900005X
Buenos Aires,Sección Cuarta,Chacabuco,Chacabuco,00189,MUNICIPALIDAD DE CHACABUCO,0202900006X,https://resultados.gob.ar/elecciones/1/38865/1/-1/-1/Buenos-Aires/Secci%C3%B3n-Cuarta/Chacabuco/Chacabuco/00189/MUNICIPALIDAD-DE-CHACABUCO/0202900006X
Buenos Aires,Sección Cuarta,Chacabuco,Chacabuco,00189,MUNICIPALIDAD DE CHACABUCO,0202900007X,https://resultados.gob.ar/elecciones/1/38866/1/-1/-1/Buenos-Aires/Secci%C3%B3n-Cuarta/Chacabuco/Chacabuco/00189/MUNICIPALIDAD-DE-CHACABUCO/0202900007X
Buenos Aires,Sección Cuarta,Chacabuco,Chacabuco,00189,MUNICIPALIDAD DE CHACABUCO,0202900008X,https://resultados.gob.ar/elecciones/1/38867/1/-1/-1/Buenos-Aires/Secci%C3%B3n-Cuarta/Chacabuco/Chacabuco/00189/MUNICIPALIDAD-DE-CHACABUCO/0202900008X
Buenos Aires,Sección Cuarta,Chacabuco,Chacabuco,00190,ESCUELA EP N°5,0202900113X,https://resultados.gob.ar/elecciones/1/38972/1/-1/-1/Buenos-Aires/Secci%C3%B3n-Cuarta/Chacabuco/Chacabuco/00190/ESCUELA-EP-N%C2%B05/0202900113X
Buenos Aires,Sección Cuarta,Chacabuco,Chacabuco,00190,ESCUELA EP N°5,0202900114X,https://resultados.gob.ar/elecciones/1/38973/1/-1/-1/Buenos-Aires/Secci%C3%B3n-Cuarta/Chacabuco/Chacabuco/00190/ESCUELA-EP-N%C2%B05/0202900114X
Buenos Aires,Sección Cuarta,Chacabuco,Chacabuco,00190,ESCUELA EP N°5,0202900115X,https://resultados.gob.ar/elecciones/1/38974/1/-1/-1/Buenos-Aires/Secci%C3%B3n-Cuarta/Chacabuco/Chacabuco/00190/ESCUELA-EP-N%C2%B05/0202900115X
Buenos Aires,Sección Cuarta,Chacabuco,Chacabuco,00190,ESCUELA EP N°5,0202900116X,https://resultados.gob.ar/elecciones/1/38975/1/-1/-1/Buenos-Aires/Secci%C3%B3n-Cuarta/Chacabuco/Chacabuco/00190/ESCUELA-EP-N%C2%B05/0202900116X
Buenos Aires,Sección Cuarta,Chacabuco,Chacabuco,00191,ESCUELA ES N°5,0202900117X,https://resultados.gob.ar/elecciones/1/38976/1/-1/-1/Buenos-Aires/Secci%C3%B3n-Cuarta/Chacabuco/Chacabuco/00191/ESCUELA-ES-N%C2%B05/0202900117X
Buenos Aires,Sección Cuarta,Chacabuco,Chacabuco,00191,ESCUELA ES N°5,0202900118X,https://resultados.gob.ar/elecciones/1/38977/1/-1/-1/Buenos-Aires/Secci%C3%B3n-Cuarta/Chacabuco/Chacabuco/00191/ESCUELA-ES-N%C2%B05/0202900118X
Buenos Aires,Sección Cuarta,Chacabuco,Chacabuco,00193,ESCUELA EP N°20,0202900119X,https://resultados.gob.ar/elecciones/1/38978/1/-1/-1/Buenos-Aires/Secci%C3%B3n-Cuarta/Chacabuco/Chacabuco/00193/ESCUELA-EP-N%C2%B020/0202900119X
Buenos Aires,Sección Cuarta,Chacabuco,Chacabuco,00193,ESCUELA EP N°20,0202900120X,https://resultados.gob.ar/elecciones/1/38979/1/-1/-1/Buenos-Aires/Secci%C3%B3n-Cuarta/Chacabuco/Chacabuco/00193/ESCUELA-EP-N%C2%B020/0202900120X
Buenos Aires,Sección Cuarta,Chacabuco,Chacabuco,00195,ESCUELA EP N°28,0202900121X,https://resultados.gob.ar/elecciones/1/38980/1/-1/-1/Buenos-Aires/Secci%C3%B3n-Cuarta/Chacabuco/Chacabuco/00195/ESCUELA-EP-N%C2%B028/0202900121X
Buenos Aires,Sección Cuarta,Chacabuco,Chacabuco,00195,ESCUELA EP N°28,0202900122X,https://resultados.gob.ar/elecciones/1/38981/1/-1/-1/Buenos-Aires/Secci%C3%B3n-Cuarta/Chacabuco/Chacabuco/00195/ESCUELA-EP-N%C2%B028/0202900122X
Buenos Aires,Sección Cuarta,Chacabuco,Chacabuco,00197,ESCUELA EP N°11,0202900124X,https://resultados.gob.ar/elecciones/1/38983/1/-1/-1/Buenos-Aires/Secci%C3%B3n-Cuarta/Chacabuco/Chacabuco/00197/ESCUELA-EP-N%C2%B011/0202900124X
Buenos Aires,Sección Cuarta,Chacabuco,Chacabuco,00197,ESCUELA EP N°11,0202900125X,https://resultados.gob.ar/elecciones/1/38984/1/-1/-1/Buenos-Aires/Secci%C3%B3n-Cuarta/Chacabuco/Chacabuco/00197/ESCUELA-EP-N%C2%B011/0202900125X
Buenos Aires,Sección Cuarta,Chacabuco,Chacabuco,00197,ESCUELA EP N°11,0202900126X,https://resultados.gob.ar/elecciones/1/38985/1/-1/-1/Buenos-Aires/Secci%C3%B3n-Cuarta/Chacabuco/Chacabuco/00197/ESCUELA-EP-N%C2%B011/0202900126X
Buenos Aires,Sección Cuarta,Chacabuco,Chacabuco,00197,ESCUELA EP N°11,0202900127X,https://resultados.gob.ar/elecciones/1/38986/1/-1/-1/Buenos-Aires/Secci%C3%B3n-Cuarta/Chacabuco/Chacabuco/00197/ESCUELA-EP-N%C2%B011/0202900127X
Buenos Aires,Sección Cuarta,Chacabuco,Chacabuco,00197,ESCUELA EP N°11,0202900128X,https://resultados.gob.ar/elecciones/1/38987/1/-1/-1/Buenos-Aires/Secci%C3%B3n-Cuarta/Chacabuco/Chacabuco/00197/ESCUELA-EP-N%C2%B011/0202900128X
Buenos Aires,Sección Cuarta,Chacabuco,Chacabuco,00197,ESCUELA EP N°11,0202900129X,https://resultados.gob.ar/elecciones/1/38988/1/-1/-1/Buenos-Aires/Secci%C3%B3n-Cuarta/Chacabuco/Chacabuco/00197/ESCUELA-EP-N%C2%B011/0202900129X
Buenos Aires,Sección Cuarta,Chacabuco,Chacabuco,00198,ESCUELA EP N°13/ES N°2 EXTENSION,0202900130X,https://resultados.gob.ar/elecciones/1/38989/1/-1/-1/Buenos-Aires/Secci%C3%B3n-Cuarta/Chacabuco/Chacabuco/00198/ESCUELA-EP-N%C2%B013%2FES-N%C2%B02-EXTENSION/0202900130X
Buenos Aires,Sección Cuarta,Chacabuco,Chacabuco,00198,ESCUELA EP N°13/ES N°2 EXTENSION,0202900131X,https://resultados.gob.ar/elecciones/1/38990/1/-1/-1/Buenos-Aires/Secci%C3%B3n-Cuarta/Chacabuco/Chacabuco/00198/ESCUELA-EP-N%C2%B013%2FES-N%C2%B02-EXTENSION/0202900131X
Buenos Aires,Sección Cuarta,Chacabuco,Chacabuco,0196A,ESCUELA EP N°6,0202900123X,https://resultados.gob.ar/elecciones/1/38982/1/-1/-1/Buenos-Aires/Secci%C3%B3n-Cuarta/Chacabuco/Chacabuco/0196A/ESCUELA-EP-N%C2%B06/0202900123X
