Buenos Aires,Sección Primera,Mercedes,Mercedes,00638,CENTRO EDUC.COMPLEMENTARIO,0207600038X,https://resultados.gob.ar/elecciones/1/55784/1/-1/-1/Buenos-Aires/Secci%C3%B3n-Primera/Mercedes/Mercedes/00638/CENTRO-EDUC.COMPLEMENTARIO/0207600038X
Buenos Aires,Sección Primera,Mercedes,Mercedes,00638,CENTRO EDUC.COMPLEMENTARIO,0207600039X,https://resultados.gob.ar/elecciones/1/55785/1/-1/-1/Buenos-Aires/Secci%C3%B3n-Primera/Mercedes/Mercedes/00638/CENTRO-EDUC.COMPLEMENTARIO/0207600039X
Buenos Aires,Sección Primera,Mercedes,Mercedes,00638,CENTRO EDUC.COMPLEMENTARIO,0207600040X,https://resultados.gob.ar/elecciones/1/55786/1/-1/-1/Buenos-Aires/Secci%C3%B3n-Primera/Mercedes/Mercedes/00638/CENTRO-EDUC.COMPLEMENTARIO/0207600040X
Buenos Aires,Sección Primera,Mercedes,Mercedes,00638,CENTRO EDUC.COMPLEMENTARIO,0207600041X,https://resultados.gob.ar/elecciones/1/55787/1/-1/-1/Buenos-Aires/Secci%C3%B3n-Primera/Mercedes/Mercedes/00638/CENTRO-EDUC.COMPLEMENTARIO/0207600041X
Buenos Aires,Sección Primera,Mercedes,Mercedes,00638,CENTRO EDUC.COMPLEMENTARIO,0207600042X,https://resultados.gob.ar/elecciones/1/55788/1/-1/-1/Buenos-Aires/Secci%C3%B3n-Primera/Mercedes/Mercedes/00638/CENTRO-EDUC.COMPLEMENTARIO/0207600042X
Buenos Aires,Sección Primera,Mercedes,Mercedes,00638,COLEGIO N.S.DE LA MISERICORDIA,0207600043X,https://resultados.gob.ar/elecciones/1/55789/1/-1/-1/Buenos-Aires/Secci%C3%B3n-Primera/Mercedes/Mercedes/00638/COLEGIO-N.S.DE-LA-MISERICORDIA/0207600043X
Buenos Aires,Sección Primera,Mercedes,Mercedes,00638,COLEGIO N.S.DE LA MISERICORDIA,0207600044X,https://resultados.gob.ar/elecciones/1/55790/1/-1/-1/Buenos-Aires/Secci%C3%B3n-Primera/Mercedes/Mercedes/00638/COLEGIO-N.S.DE-LA-MISERICORDIA/0207600044X
Buenos Aires,Sección Primera,Mercedes,Mercedes,00638,COLEGIO N.S.DE LA MISERICORDIA,0207600045X,https://resultados.gob.ar/elecciones/1/55791/1/-1/-1/Buenos-Aires/Secci%C3%B3n-Primera/Mercedes/Mercedes/00638/COLEGIO-N.S.DE-LA-MISERICORDIA/0207600045X
Buenos Aires,Sección Primera,Mercedes,Mercedes,00638,COLEGIO N.S.DE LA MISERICORDIA,0207600046X,https://resultados.gob.ar/elecciones/1/55792/1/-1/-1/Buenos-Aires/Secci%C3%B3n-Primera/Mercedes/Mercedes/00638/COLEGIO-N.S.DE-LA-MISERICORDIA/0207600046X
Buenos Aires,Sección Primera,Mercedes,Mercedes,00638,COLEGIO N.S.DE LA MISERICORDIA,0207600047X,https://resultados.gob.ar/elecciones/1/55793/1/-1/-1/Buenos-Aires/Secci%C3%B3n-Primera/Mercedes/Mercedes/00638/COLEGIO-N.S.DE-LA-MISERICORDIA/0207600047X
Buenos Aires,Sección Primera,Mercedes,Mercedes,00638,COLEGIO N.S.DE LA MISERICORDIA,0207600048X,https://resultados.gob.ar/elecciones/1/55794/1/-1/-1/Buenos-Aires/Secci%C3%B3n-Primera/Mercedes/Mercedes/00638/COLEGIO-N.S.DE-LA-MISERICORDIA/0207600048X
Buenos Aires,Sección Primera,Mercedes,Mercedes,00638,COLEGIO N.S.DE LA MISERICORDIA,0207600049X,https://resultados.gob.ar/elecciones/1/55795/1/-1/-1/Buenos-Aires/Secci%C3%B3n-Primera/Mercedes/Mercedes/00638/COLEGIO-N.S.DE-LA-MISERICORDIA/0207600049X
Buenos Aires,Sección Primera,Mercedes,Mercedes,00638,COLEGIO SAN PATRICIO,0207600058X,https://resultados.gob.ar/elecciones/1/55804/1/-1/-1/Buenos-Aires/Secci%C3%B3n-Primera/Mercedes/Mercedes/00638/COLEGIO-SAN-PATRICIO/0207600058X
Buenos Aires,Sección Primera,Mercedes,Mercedes,00638,COLEGIO SAN PATRICIO,0207600059X,https://resultados.gob.ar/elecciones/1/55805/1/-1/-1/Buenos-Aires/Secci%C3%B3n-Primera/Mercedes/Mercedes/00638/COLEGIO-SAN-PATRICIO/0207600059X
Buenos Aires,Sección Primera,Mercedes,Mercedes,00638,COLEGIO SAN PATRICIO,0207600060X,https://resultados.gob.ar/elecciones/1/55806/1/-1/-1/Buenos-Aires/Secci%C3%B3n-Primera/Mercedes/Mercedes/00638/COLEGIO-SAN-PATRICIO/0207600060X
Buenos Aires,Sección Primera,Mercedes,Mercedes,00638,COLEGIO SAN PATRICIO,0207600061X,https://resultados.gob.ar/elecciones/1/55807/1/-1/-1/Buenos-Aires/Secci%C3%B3n-Primera/Mercedes/Mercedes/00638/COLEGIO-SAN-PATRICIO/0207600061X
Buenos Aires,Sección Primera,Mercedes,Mercedes,00638,COLEGIO SAN PATRICIO,0207600062X,https://resultados.gob.ar/elecciones/1/55808/1/-1/-1/Buenos-Aires/Secci%C3%B3n-Primera/Mercedes/Mercedes/00638/COLEGIO-SAN-PATRICIO/0207600062X
Buenos Aires,Sección Primera,Mercedes,Mercedes,00638,COLEGIO SAN PATRICIO,0207600063X,https://resultados.gob.ar/elecciones/1/55809/1/-1/-1/Buenos-Aires/Secci%C3%B3n-Primera/Mercedes/Mercedes/00638/COLEGIO-SAN-PATRICIO/0207600063X
Buenos Aires,Sección Primera,Mercedes,Mercedes,00638,COLEGIO SAN PATRICIO,0207600064X,https://resultados.gob.ar/elecciones/1/55810/1/-1/-1/Buenos-Aires/Secci%C3%B3n-Primera/Mercedes/Mercedes/00638/COLEGIO-SAN-PATRICIO/0207600064X
Buenos Aires,Sección Primera,Mercedes,Mercedes,00638,ESCUELA EP N°1,0207600001X,https://resultados.gob.ar/elecciones/1/55747/1/-1/-1/Buenos-Aires/Secci%C3%B3n-Primera/Mercedes/Mercedes/00638/ESCUELA-EP-N%C2%B01/0207600001X
Buenos Aires,Sección Primera,Mercedes,Mercedes,00638,ESCUELA EP N°1,0207600002X,https://resultados.gob.ar/elecciones/1/55748/1/-1/-1/Buenos-Aires/Secci%C3%B3n-Primera/Mercedes/Mercedes/00638/ESCUELA-EP-N%C2%B01/0207600002X
Buenos Aires,Sección Primera,Mercedes,Mercedes,00638,ESCUELA EP N°1,0207600003X,https://resultados.gob.ar/elecciones/1/55749/1/-1/-1/Buenos-Aires/Secci%C3%B3n-Primera/Mercedes/Mercedes/00638/ESCUELA-EP-N%C2%B01/0207600003X
Buenos Aires,Sección Primera,Mercedes,Mercedes,00638,ESCUELA EP N°1,0207600004X,https://resultados.gob.ar/elecciones/1/55750/1/-1/-1/Buenos-Aires/Secci%C3%B3n-Primera/Mercedes/Mercedes/00638/ESCUELA-EP-N%C2%B01/0207600004X
Buenos Aires,Sección Primera,Mercedes,Mercedes,00638,ESCUELA EP N°10/ES N°8,0207600016X,https://resultados.gob.ar/elecciones/1/55762/1/-1/-1/Buenos-Aires/Secci%C3%B3n-Primera/Mercedes/Mercedes/00638/ESCUELA-EP-N%C2%B010%2FES-N%C2%B08/0207600016X
Buenos Aires,Sección Primera,Mercedes,Mercedes,00638,ESCUELA EP N°10/ES N°8,0207600017X,https://resultados.gob.ar/elecciones/1/55763/1/-1/-1/Buenos-Aires/Secci%C3%B3n-Primera/Mercedes/Mercedes/00638/ESCUELA-EP-N%C2%B010%2FES-N%C2%B08/0207600017X
Buenos Aires,Sección Primera,Mercedes,Mercedes,00638,ESCUELA EP N°10/ES N°8,0207600018X,https://resultados.gob.ar/elecciones/1/55764/1/-1/-1/Buenos-Aires/Secci%C3%B3n-Primera/Mercedes/Mercedes/00638/ESCUELA-EP-N%C2%B010%2FES-N%C2%B08/0207600018X
Buenos Aires,Sección Primera,Mercedes,Mercedes,00638,ESCUELA EP N°10/ES N°8,0207600019X,https://resultados.gob.ar/elecciones/1/55765/1/-1/-1/Buenos-Aires/Secci%C3%B3n-Primera/Mercedes/Mercedes/00638/ESCUELA-EP-N%C2%B010%2FES-N%C2%B08/0207600019X
Buenos Aires,Sección Primera,Mercedes,Mercedes,00638,ESCUELA EP N°10/ES N°8,0207600020X,https://resultados.gob.ar/elecciones/1/55766/1/-1/-1/Buenos-Aires/Secci%C3%B3n-Primera/Mercedes/Mercedes/00638/ESCUELA-EP-N%C2%B010%2FES-N%C2%B08/0207600020X
Buenos Aires,Sección Primera,Mercedes,Mercedes,00638,ESCUELA EP N°10/ES N°8,0207600021X,https://resultados.gob.ar/elecciones/1/55767/1/-1/-1/Buenos-Aires/Secci%C3%B3n-Primera/Mercedes/Mercedes/00638/ESCUELA-EP-N%C2%B010%2FES-N%C2%B08/0207600021X
Buenos Aires,Sección Primera,Mercedes,Mercedes,00638,ESCUELA EP N°11,0207600022X,https://resultados.gob.ar/elecciones/1/55768/1/-1/-1/Buenos-Aires/Secci%C3%B3n-Primera/Mercedes/Mercedes/00638/ESCUELA-EP-N%C2%B011/0207600022X
Buenos Aires,Sección Primera,Mercedes,Mercedes,00638,ESCUELA EP N°11,0207600023X,https://resultados.gob.ar/elecciones/1/55769/1/-1/-1/Buenos-Aires/Secci%C3%B3n-Primera/Mercedes/Mercedes/00638/ESCUELA-EP-N%C2%B011/0207600023X
Buenos Aires,Sección Primera,Mercedes,Mercedes,00638,ESCUELA EP N°2/ES N°12,0207600050X,https://resultados.gob.ar/elecciones/1/55796/1/-1/-1/Buenos-Aires/Secci%C3%B3n-Primera/Mercedes/Mercedes/00638/ESCUELA-EP-N%C2%B02%2FES-N%C2%B012/0207600050X
Buenos Aires,Sección Primera,Mercedes,Mercedes,00638,ESCUELA EP N°2/ES N°12,0207600051X,https://resultados.gob.ar/elecciones/1/55797/1/-1/-1/Buenos-Aires/Secci%C3%B3n-Primera/Mercedes/Mercedes/00638/ESCUELA-EP-N%C2%B02%2FES-N%C2%B012/0207600051X
Buenos Aires,Sección Primera,Mercedes,Mercedes,00638,ESCUELA EP N°2/ES N°12,0207600052X,https://resultados.gob.ar/elecciones/1/55798/1/-1/-1/Buenos-Aires/Secci%C3%B3n-Primera/Mercedes/Mercedes/00638/ESCUELA-EP-N%C2%B02%2FES-N%C2%B012/0207600052X
Buenos Aires,Sección Primera,Mercedes,Mercedes,00638,ESCUELA EP N°2/ES N°12,0207600053X,https://resultados.gob.ar/elecciones/1/55799/1/-1/-1/Buenos-Aires/Secci%C3%B3n-Primera/Mercedes/Mercedes/00638/ESCUELA-EP-N%C2%B02%2FES-N%C2%B012/0207600053X
Buenos Aires,Sección Primera,Mercedes,Mercedes,00638,ESCUELA EP N°2/ES N°12,0207600054X,https://resultados.gob.ar/elecciones/1/55800/1/-1/-1/Buenos-Aires/Secci%C3%B3n-Primera/Mercedes/Mercedes/00638/ESCUELA-EP-N%C2%B02%2FES-N%C2%B012/0207600054X
Buenos Aires,Sección Primera,Mercedes,Mercedes,00638,ESCUELA EP N°2/ES N°12,0207600055X,https://resultados.gob.ar/elecciones/1/55801/1/-1/-1/Buenos-Aires/Secci%C3%B3n-Primera/Mercedes/Mercedes/00638/ESCUELA-EP-N%C2%B02%2FES-N%C2%B012/0207600055X
Buenos Aires,Sección Primera,Mercedes,Mercedes,00638,ESCUELA EP N°2/ES N°12,0207600056X,https://resultados.gob.ar/elecciones/1/55802/1/-1/-1/Buenos-Aires/Secci%C3%B3n-Primera/Mercedes/Mercedes/00638/ESCUELA-EP-N%C2%B02%2FES-N%C2%B012/0207600056X
Buenos Aires,Sección Primera,Mercedes,Mercedes,00638,ESCUELA EP N°2/ES N°12,0207600057X,https://resultados.gob.ar/elecciones/1/55803/1/-1/-1/Buenos-Aires/Secci%C3%B3n-Primera/Mercedes/Mercedes/00638/ESCUELA-EP-N%C2%B02%2FES-N%C2%B012/0207600057X
Buenos Aires,Sección Primera,Mercedes,Mercedes,00638,ESCUELA EP N°7/ES N°15,0207600010X,https://resultados.gob.ar/elecciones/1/55756/1/-1/-1/Buenos-Aires/Secci%C3%B3n-Primera/Mercedes/Mercedes/00638/ESCUELA-EP-N%C2%B07%2FES-N%C2%B015/0207600010X
Buenos Aires,Sección Primera,Mercedes,Mercedes,00638,ESCUELA EP N°7/ES N°15,0207600011X,https://resultados.gob.ar/elecciones/1/55757/1/-1/-1/Buenos-Aires/Secci%C3%B3n-Primera/Mercedes/Mercedes/00638/ESCUELA-EP-N%C2%B07%2FES-N%C2%B015/0207600011X
Buenos Aires,Sección Primera,Mercedes,Mercedes,00638,ESCUELA EP N°7/ES N°15,0207600012X,https://resultados.gob.ar/elecciones/1/55758/1/-1/-1/Buenos-Aires/Secci%C3%B3n-Primera/Mercedes/Mercedes/00638/ESCUELA-EP-N%C2%B07%2FES-N%C2%B015/0207600012X
Buenos Aires,Sección Primera,Mercedes,Mercedes,00638,ESCUELA EP N°7/ES N°15,0207600013X,https://resultados.gob.ar/elecciones/1/55759/1/-1/-1/Buenos-Aires/Secci%C3%B3n-Primera/Mercedes/Mercedes/00638/ESCUELA-EP-N%C2%B07%2FES-N%C2%B015/0207600013X
Buenos Aires,Sección Primera,Mercedes,Mercedes,00638,ESCUELA EP N°7/ES N°15,0207600014X,https://resultados.gob.ar/elecciones/1/55760/1/-1/-1/Buenos-Aires/Secci%C3%B3n-Primera/Mercedes/Mercedes/00638/ESCUELA-EP-N%C2%B07%2FES-N%C2%B015/0207600014X
Buenos Aires,Sección Primera,Mercedes,Mercedes,00638,ESCUELA EP N°7/ES N°15,0207600015X,https://resultados.gob.ar/elecciones/1/55761/1/-1/-1/Buenos-Aires/Secci%C3%B3n-Primera/Mercedes/Mercedes/00638/ESCUELA-EP-N%C2%B07%2FES-N%C2%B015/0207600015X
Buenos Aires,Sección Primera,Mercedes,Mercedes,00638,ESCUELA ES N°3,0207600005X,https://resultados.gob.ar/elecciones/1/55751/1/-1/-1/Buenos-Aires/Secci%C3%B3n-Primera/Mercedes/Mercedes/00638/ESCUELA-ES-N%C2%B03/0207600005X
Buenos Aires,Sección Primera,Mercedes,Mercedes,00638,ESCUELA ES N°3,0207600006X,https://resultados.gob.ar/elecciones/1/55752/1/-1/-1/Buenos-Aires/Secci%C3%B3n-Primera/Mercedes/Mercedes/00638/ESCUELA-ES-N%C2%B03/0207600006X
Buenos Aires,Sección Primera,Mercedes,Mercedes,00638,ESCUELA ES N°3,0207600007X,https://resultados.gob.ar/elecciones/1/55753/1/-1/-1/Buenos-Aires/Secci%C3%B3n-Primera/Mercedes/Mercedes/00638/ESCUELA-ES-N%C2%B03/0207600007X
Buenos Aires,Sección Primera,Mercedes,Mercedes,00638,ESCUELA ES N°3,0207600008X,https://resultados.gob.ar/elecciones/1/55754/1/-1/-1/Buenos-Aires/Secci%C3%B3n-Primera/Mercedes/Mercedes/00638/ESCUELA-ES-N%C2%B03/0207600008X
Buenos Aires,Sección Primera,Mercedes,Mercedes,00638,ESCUELA ES N°3,0207600009X,https://resultados.gob.ar/elecciones/1/55755/1/-1/-1/Buenos-Aires/Secci%C3%B3n-Primera/Mercedes/Mercedes/00638/ESCUELA-ES-N%C2%B03/0207600009X
Buenos Aires,Sección Primera,Mercedes,Mercedes,00638,ESCUELA EST N°1,0207600065X,https://resultados.gob.ar/elecciones/1/55811/1/-1/-1/Buenos-Aires/Secci%C3%B3n-Primera/Mercedes/Mercedes/00638/ESCUELA-EST-N%C2%B01/0207600065X
Buenos Aires,Sección Primera,Mercedes,Mercedes,00638,ESCUELA EST N°1,0207600066X,https://resultados.gob.ar/elecciones/1/55812/1/-1/-1/Buenos-Aires/Secci%C3%B3n-Primera/Mercedes/Mercedes/00638/ESCUELA-EST-N%C2%B01/0207600066X
Buenos Aires,Sección Primera,Mercedes,Mercedes,00638,ESCUELA EST N°1,0207600067X,https://resultados.gob.ar/elecciones/1/55813/1/-1/-1/Buenos-Aires/Secci%C3%B3n-Primera/Mercedes/Mercedes/00638/ESCUELA-EST-N%C2%B01/0207600067X
Buenos Aires,Sección Primera,Mercedes,Mercedes,00638,ESCUELA EST N°1,0207600068X,https://resultados.gob.ar/elecciones/1/55814/1/-1/-1/Buenos-Aires/Secci%C3%B3n-Primera/Mercedes/Mercedes/00638/ESCUELA-EST-N%C2%B01/0207600068X
Buenos Aires,Sección Primera,Mercedes,Mercedes,00638,ESCUELA EST N°1,0207600069X,https://resultados.gob.ar/elecciones/1/55815/1/-1/-1/Buenos-Aires/Secci%C3%B3n-Primera/Mercedes/Mercedes/00638/ESCUELA-EST-N%C2%B01/0207600069X
Buenos Aires,Sección Primera,Mercedes,Mercedes,00638,ESCUELA EST N°1,0207600070X,https://resultados.gob.ar/elecciones/1/55816/1/-1/-1/Buenos-Aires/Secci%C3%B3n-Primera/Mercedes/Mercedes/00638/ESCUELA-EST-N%C2%B01/0207600070X
Buenos Aires,Sección Primera,Mercedes,Mercedes,00638,ESCUELA EST N°1,0207600071X,https://resultados.gob.ar/elecciones/1/55817/1/-1/-1/Buenos-Aires/Secci%C3%B3n-Primera/Mercedes/Mercedes/00638/ESCUELA-EST-N%C2%B01/0207600071X
Buenos Aires,Sección Primera,Mercedes,Mercedes,00638,ESCUELA NORMAL SUPERIOR,0207600024X,https://resultados.gob.ar/elecciones/1/55770/1/-1/-1/Buenos-Aires/Secci%C3%B3n-Primera/Mercedes/Mercedes/00638/ESCUELA-NORMAL-SUPERIOR/0207600024X
Buenos Aires,Sección Primera,Mercedes,Mercedes,00638,ESCUELA NORMAL SUPERIOR,0207600025X,https://resultados.gob.ar/elecciones/1/55771/1/-1/-1/Buenos-Aires/Secci%C3%B3n-Primera/Mercedes/Mercedes/00638/ESCUELA-NORMAL-SUPERIOR/0207600025X
Buenos Aires,Sección Primera,Mercedes,Mercedes,00638,ESCUELA NORMAL SUPERIOR,0207600026X,https://resultados.gob.ar/elecciones/1/55772/1/-1/-1/Buenos-Aires/Secci%C3%B3n-Primera/Mercedes/Mercedes/00638/ESCUELA-NORMAL-SUPERIOR/0207600026X
Buenos Aires,Sección Primera,Mercedes,Mercedes,00638,ESCUELA NORMAL SUPERIOR,0207600027X,https://resultados.gob.ar/elecciones/1/55773/1/-1/-1/Buenos-Aires/Secci%C3%B3n-Primera/Mercedes/Mercedes/00638/ESCUELA-NORMAL-SUPERIOR/0207600027X
Buenos Aires,Sección Primera,Mercedes,Mercedes,00638,ESCUELA NORMAL SUPERIOR,0207600028X,https://resultados.gob.ar/elecciones/1/55774/1/-1/-1/Buenos-Aires/Secci%C3%B3n-Primera/Mercedes/Mercedes/00638/ESCUELA-NORMAL-SUPERIOR/0207600028X
Buenos Aires,Sección Primera,Mercedes,Mercedes,00638,ESCUELA NORMAL SUPERIOR,0207600029X,https://resultados.gob.ar/elecciones/1/55775/1/-1/-1/Buenos-Aires/Secci%C3%B3n-Primera/Mercedes/Mercedes/00638/ESCUELA-NORMAL-SUPERIOR/0207600029X
Buenos Aires,Sección Primera,Mercedes,Mercedes,00638,ESCUELA NORMAL SUPERIOR,0207600030X,https://resultados.gob.ar/elecciones/1/55776/1/-1/-1/Buenos-Aires/Secci%C3%B3n-Primera/Mercedes/Mercedes/00638/ESCUELA-NORMAL-SUPERIOR/0207600030X
Buenos Aires,Sección Primera,Mercedes,Mercedes,00638,ESCUELA NORMAL SUPERIOR,0207600031X,https://resultados.gob.ar/elecciones/1/55777/1/-1/-1/Buenos-Aires/Secci%C3%B3n-Primera/Mercedes/Mercedes/00638/ESCUELA-NORMAL-SUPERIOR/0207600031X
Buenos Aires,Sección Primera,Mercedes,Mercedes,00638,ESCUELA NORMAL SUPERIOR,0207600032X,https://resultados.gob.ar/elecciones/1/55778/1/-1/-1/Buenos-Aires/Secci%C3%B3n-Primera/Mercedes/Mercedes/00638/ESCUELA-NORMAL-SUPERIOR/0207600032X
Buenos Aires,Sección Primera,Mercedes,Mercedes,00638,ESCUELA NORMAL SUPERIOR,0207600033X,https://resultados.gob.ar/elecciones/1/55779/1/-1/-1/Buenos-Aires/Secci%C3%B3n-Primera/Mercedes/Mercedes/00638/ESCUELA-NORMAL-SUPERIOR/0207600033X
Buenos Aires,Sección Primera,Mercedes,Mercedes,00638,ESCUELA NORMAL SUPERIOR,0207600034X,https://resultados.gob.ar/elecciones/1/55780/1/-1/-1/Buenos-Aires/Secci%C3%B3n-Primera/Mercedes/Mercedes/00638/ESCUELA-NORMAL-SUPERIOR/0207600034X
Buenos Aires,Sección Primera,Mercedes,Mercedes,00638,ESCUELA NORMAL SUPERIOR,0207600035X,https://resultados.gob.ar/elecciones/1/55781/1/-1/-1/Buenos-Aires/Secci%C3%B3n-Primera/Mercedes/Mercedes/00638/ESCUELA-NORMAL-SUPERIOR/0207600035X
Buenos Aires,Sección Primera,Mercedes,Mercedes,00638,ESCUELA NORMAL SUPERIOR,0207600036X,https://resultados.gob.ar/elecciones/1/55782/1/-1/-1/Buenos-Aires/Secci%C3%B3n-Primera/Mercedes/Mercedes/00638/ESCUELA-NORMAL-SUPERIOR/0207600036X
Buenos Aires,Sección Primera,Mercedes,Mercedes,00638,ESCUELA NORMAL SUPERIOR,0207600037X,https://resultados.gob.ar/elecciones/1/55783/1/-1/-1/Buenos-Aires/Secci%C3%B3n-Primera/Mercedes/Mercedes/00638/ESCUELA-NORMAL-SUPERIOR/0207600037X
Buenos Aires,Sección Primera,Mercedes,Mercedes,00639,ESCUELA EP N°3,0207600072X,https://resultados.gob.ar/elecciones/1/55818/1/-1/-1/Buenos-Aires/Secci%C3%B3n-Primera/Mercedes/Mercedes/00639/ESCUELA-EP-N%C2%B03/0207600072X
Buenos Aires,Sección Primera,Mercedes,Mercedes,00639,ESCUELA EP N°3,0207600073X,https://resultados.gob.ar/elecciones/1/55819/1/-1/-1/Buenos-Aires/Secci%C3%B3n-Primera/Mercedes/Mercedes/00639/ESCUELA-EP-N%C2%B03/0207600073X
Buenos Aires,Sección Primera,Mercedes,Mercedes,00639,ESCUELA EP N°3,0207600074X,https://resultados.gob.ar/elecciones/1/55820/1/-1/-1/Buenos-Aires/Secci%C3%B3n-Primera/Mercedes/Mercedes/00639/ESCUELA-EP-N%C2%B03/0207600074X
Buenos Aires,Sección Primera,Mercedes,Mercedes,00639,ESCUELA EP N°3,0207600075X,https://resultados.gob.ar/elecciones/1/55821/1/-1/-1/Buenos-Aires/Secci%C3%B3n-Primera/Mercedes/Mercedes/00639/ESCUELA-EP-N%C2%B03/0207600075X
Buenos Aires,Sección Primera,Mercedes,Mercedes,00639,ESCUELA EP N°3,0207600076X,https://resultados.gob.ar/elecciones/1/55822/1/-1/-1/Buenos-Aires/Secci%C3%B3n-Primera/Mercedes/Mercedes/00639/ESCUELA-EP-N%C2%B03/0207600076X
Buenos Aires,Sección Primera,Mercedes,Mercedes,00639,ESCUELA EP N°3,0207600077X,https://resultados.gob.ar/elecciones/1/55823/1/-1/-1/Buenos-Aires/Secci%C3%B3n-Primera/Mercedes/Mercedes/00639/ESCUELA-EP-N%C2%B03/0207600077X
Buenos Aires,Sección Primera,Mercedes,Mercedes,00639,ESCUELA EP N°30/ES N°7,0207600085X,https://resultados.gob.ar/elecciones/1/55831/1/-1/-1/Buenos-Aires/Secci%C3%B3n-Primera/Mercedes/Mercedes/00639/ESCUELA-EP-N%C2%B030%2FES-N%C2%B07/0207600085X
Buenos Aires,Sección Primera,Mercedes,Mercedes,00639,ESCUELA EP N°30/ES N°7,0207600086X,https://resultados.gob.ar/elecciones/1/55832/1/-1/-1/Buenos-Aires/Secci%C3%B3n-Primera/Mercedes/Mercedes/00639/ESCUELA-EP-N%C2%B030%2FES-N%C2%B07/0207600086X
Buenos Aires,Sección Primera,Mercedes,Mercedes,00639,ESCUELA EP N°30/ES N°7,0207600087X,https://resultados.gob.ar/elecciones/1/55833/1/-1/-1/Buenos-Aires/Secci%C3%B3n-Primera/Mercedes/Mercedes/00639/ESCUELA-EP-N%C2%B030%2FES-N%C2%B07/0207600087X
Buenos Aires,Sección Primera,Mercedes,Mercedes,00639,ESCUELA EP N°30/ES N°7,0207600088X,https://resultados.gob.ar/elecciones/1/55834/1/-1/-1/Buenos-Aires/Secci%C3%B3n-Primera/Mercedes/Mercedes/00639/ESCUELA-EP-N%C2%B030%2FES-N%C2%B07/0207600088X
Buenos Aires,Sección Primera,Mercedes,Mercedes,00639,ESCUELA EP N°30/ES N°7,0207600089X,https://resultados.gob.ar/elecciones/1/55835/1/-1/-1/Buenos-Aires/Secci%C3%B3n-Primera/Mercedes/Mercedes/00639/ESCUELA-EP-N%C2%B030%2FES-N%C2%B07/0207600089X
Buenos Aires,Sección Primera,Mercedes,Mercedes,00639,ESCUELA EP N°30/ES N°7,0207600090X,https://resultados.gob.ar/elecciones/1/55836/1/-1/-1/Buenos-Aires/Secci%C3%B3n-Primera/Mercedes/Mercedes/00639/ESCUELA-EP-N%C2%B030%2FES-N%C2%B07/0207600090X
Buenos Aires,Sección Primera,Mercedes,Mercedes,00639,ESCUELA EP N°36,0207600091X,https://resultados.gob.ar/elecciones/1/55837/1/-1/-1/Buenos-Aires/Secci%C3%B3n-Primera/Mercedes/Mercedes/00639/ESCUELA-EP-N%C2%B036/0207600091X
Buenos Aires,Sección Primera,Mercedes,Mercedes,00639,ESCUELA EP N°36,0207600092X,https://resultados.gob.ar/elecciones/1/55838/1/-1/-1/Buenos-Aires/Secci%C3%B3n-Primera/Mercedes/Mercedes/00639/ESCUELA-EP-N%C2%B036/0207600092X
Buenos Aires,Sección Primera,Mercedes,Mercedes,00639,ESCUELA EP N°36,0207600093X,https://resultados.gob.ar/elecciones/1/55839/1/-1/-1/Buenos-Aires/Secci%C3%B3n-Primera/Mercedes/Mercedes/00639/ESCUELA-EP-N%C2%B036/0207600093X
Buenos Aires,Sección Primera,Mercedes,Mercedes,00639,ESCUELA ES N°1,0207600078X,https://resultados.gob.ar/elecciones/1/55824/1/-1/-1/Buenos-Aires/Secci%C3%B3n-Primera/Mercedes/Mercedes/00639/ESCUELA-ES-N%C2%B01/0207600078X
Buenos Aires,Sección Primera,Mercedes,Mercedes,00639,ESCUELA ES N°1,0207600079X,https://resultados.gob.ar/elecciones/1/55825/1/-1/-1/Buenos-Aires/Secci%C3%B3n-Primera/Mercedes/Mercedes/00639/ESCUELA-ES-N%C2%B01/0207600079X
Buenos Aires,Sección Primera,Mercedes,Mercedes,00639,ESCUELA ES N°1,0207600080X,https://resultados.gob.ar/elecciones/1/55826/1/-1/-1/Buenos-Aires/Secci%C3%B3n-Primera/Mercedes/Mercedes/00639/ESCUELA-ES-N%C2%B01/0207600080X
Buenos Aires,Sección Primera,Mercedes,Mercedes,00639,ESCUELA ES N°1,0207600081X,https://resultados.gob.ar/elecciones/1/55827/1/-1/-1/Buenos-Aires/Secci%C3%B3n-Primera/Mercedes/Mercedes/00639/ESCUELA-ES-N%C2%B01/0207600081X
Buenos Aires,Sección Primera,Mercedes,Mercedes,00639,ESCUELA ES N°1,0207600082X,https://resultados.gob.ar/elecciones/1/55828/1/-1/-1/Buenos-Aires/Secci%C3%B3n-Primera/Mercedes/Mercedes/00639/ESCUELA-ES-N%C2%B01/0207600082X
Buenos Aires,Sección Primera,Mercedes,Mercedes,00639,ESCUELA ES N°1,0207600083X,https://resultados.gob.ar/elecciones/1/55829/1/-1/-1/Buenos-Aires/Secci%C3%B3n-Primera/Mercedes/Mercedes/00639/ESCUELA-ES-N%C2%B01/0207600083X
Buenos Aires,Sección Primera,Mercedes,Mercedes,00639,ESCUELA ES N°1,0207600084X,https://resultados.gob.ar/elecciones/1/55830/1/-1/-1/Buenos-Aires/Secci%C3%B3n-Primera/Mercedes/Mercedes/00639/ESCUELA-ES-N%C2%B01/0207600084X
Buenos Aires,Sección Primera,Mercedes,Mercedes,00640,ESC.PARROQ.PADRE ANSALDO,0207600106X,https://resultados.gob.ar/elecciones/1/55852/1/-1/-1/Buenos-Aires/Secci%C3%B3n-Primera/Mercedes/Mercedes/00640/ESC.PARROQ.PADRE-ANSALDO/0207600106X
Buenos Aires,Sección Primera,Mercedes,Mercedes,00640,ESC.PARROQ.PADRE ANSALDO,0207600107X,https://resultados.gob.ar/elecciones/1/55853/1/-1/-1/Buenos-Aires/Secci%C3%B3n-Primera/Mercedes/Mercedes/00640/ESC.PARROQ.PADRE-ANSALDO/0207600107X
Buenos Aires,Sección Primera,Mercedes,Mercedes,00640,ESC.PARROQ.PADRE ANSALDO,0207600108X,https://resultados.gob.ar/elecciones/1/55854/1/-1/-1/Buenos-Aires/Secci%C3%B3n-Primera/Mercedes/Mercedes/00640/ESC.PARROQ.PADRE-ANSALDO/0207600108X
Buenos Aires,Sección Primera,Mercedes,Mercedes,00640,ESC.PARROQ.PADRE ANSALDO,0207600109X,https://resultados.gob.ar/elecciones/1/55855/1/-1/-1/Buenos-Aires/Secci%C3%B3n-Primera/Mercedes/Mercedes/00640/ESC.PARROQ.PADRE-ANSALDO/0207600109X
Buenos Aires,Sección Primera,Mercedes,Mercedes,00640,ESC.PARROQ.PADRE ANSALDO,0207600110X,https://resultados.gob.ar/elecciones/1/55856/1/-1/-1/Buenos-Aires/Secci%C3%B3n-Primera/Mercedes/Mercedes/00640/ESC.PARROQ.PADRE-ANSALDO/0207600110X
Buenos Aires,Sección Primera,Mercedes,Mercedes,00640,ESC.PARROQ.PADRE ANSALDO,0207600111X,https://resultados.gob.ar/elecciones/1/55857/1/-1/-1/Buenos-Aires/Secci%C3%B3n-Primera/Mercedes/Mercedes/00640/ESC.PARROQ.PADRE-ANSALDO/0207600111X
Buenos Aires,Sección Primera,Mercedes,Mercedes,00640,ESC.PARROQ.PADRE ANSALDO,0207600112X,https://resultados.gob.ar/elecciones/1/55858/1/-1/-1/Buenos-Aires/Secci%C3%B3n-Primera/Mercedes/Mercedes/00640/ESC.PARROQ.PADRE-ANSALDO/0207600112X
Buenos Aires,Sección Primera,Mercedes,Mercedes,00640,ESC.PARROQ.PADRE ANSALDO,0207600113X,https://resultados.gob.ar/elecciones/1/55859/1/-1/-1/Buenos-Aires/Secci%C3%B3n-Primera/Mercedes/Mercedes/00640/ESC.PARROQ.PADRE-ANSALDO/0207600113X
Buenos Aires,Sección Primera,Mercedes,Mercedes,00640,ESCUELA EP N°13,0207600100X,https://resultados.gob.ar/elecciones/1/55846/1/-1/-1/Buenos-Aires/Secci%C3%B3n-Primera/Mercedes/Mercedes/00640/ESCUELA-EP-N%C2%B013/0207600100X
Buenos Aires,Sección Primera,Mercedes,Mercedes,00640,ESCUELA EP N°13,0207600101X,https://resultados.gob.ar/elecciones/1/55847/1/-1/-1/Buenos-Aires/Secci%C3%B3n-Primera/Mercedes/Mercedes/00640/ESCUELA-EP-N%C2%B013/0207600101X
Buenos Aires,Sección Primera,Mercedes,Mercedes,00640,ESCUELA EP N°13,0207600102X,https://resultados.gob.ar/elecciones/1/55848/1/-1/-1/Buenos-Aires/Secci%C3%B3n-Primera/Mercedes/Mercedes/00640/ESCUELA-EP-N%C2%B013/0207600102X
Buenos Aires,Sección Primera,Mercedes,Mercedes,00640,ESCUELA EP N°13,0207600103X,https://resultados.gob.ar/elecciones/1/55849/1/-1/-1/Buenos-Aires/Secci%C3%B3n-Primera/Mercedes/Mercedes/00640/ESCUELA-EP-N%C2%B013/0207600103X
Buenos Aires,Sección Primera,Mercedes,Mercedes,00640,ESCUELA EP N°13,0207600104X,https://resultados.gob.ar/elecciones/1/55850/1/-1/-1/Buenos-Aires/Secci%C3%B3n-Primera/Mercedes/Mercedes/00640/ESCUELA-EP-N%C2%B013/0207600104X
Buenos Aires,Sección Primera,Mercedes,Mercedes,00640,ESCUELA EP N°13,0207600105X,https://resultados.gob.ar/elecciones/1/55851/1/-1/-1/Buenos-Aires/Secci%C3%B3n-Primera/Mercedes/Mercedes/00640/ESCUELA-EP-N%C2%B013/0207600105X
Buenos Aires,Sección Primera,Mercedes,Mercedes,00640,ESCUELA EP N°37,0207600116X,https://resultados.gob.ar/elecciones/1/55862/1/-1/-1/Buenos-Aires/Secci%C3%B3n-Primera/Mercedes/Mercedes/00640/ESCUELA-EP-N%C2%B037/0207600116X
Buenos Aires,Sección Primera,Mercedes,Mercedes,00640,ESCUELA EP N°37,0207600117X,https://resultados.gob.ar/elecciones/1/55863/1/-1/-1/Buenos-Aires/Secci%C3%B3n-Primera/Mercedes/Mercedes/00640/ESCUELA-EP-N%C2%B037/0207600117X
Buenos Aires,Sección Primera,Mercedes,Mercedes,00640,ESCUELA EP N°37,0207600118X,https://resultados.gob.ar/elecciones/1/55864/1/-1/-1/Buenos-Aires/Secci%C3%B3n-Primera/Mercedes/Mercedes/00640/ESCUELA-EP-N%C2%B037/0207600118X
Buenos Aires,Sección Primera,Mercedes,Mercedes,00640,INSTITUTO SAN BENITO DE NURSIA,0207600094X,https://resultados.gob.ar/elecciones/1/55840/1/-1/-1/Buenos-Aires/Secci%C3%B3n-Primera/Mercedes/Mercedes/00640/INSTITUTO-SAN-BENITO-DE-NURSIA/0207600094X
Buenos Aires,Sección Primera,Mercedes,Mercedes,00640,INSTITUTO SAN BENITO DE NURSIA,0207600095X,https://resultados.gob.ar/elecciones/1/55841/1/-1/-1/Buenos-Aires/Secci%C3%B3n-Primera/Mercedes/Mercedes/00640/INSTITUTO-SAN-BENITO-DE-NURSIA/0207600095X
Buenos Aires,Sección Primera,Mercedes,Mercedes,00640,INSTITUTO SAN BENITO DE NURSIA,0207600096X,https://resultados.gob.ar/elecciones/1/55842/1/-1/-1/Buenos-Aires/Secci%C3%B3n-Primera/Mercedes/Mercedes/00640/INSTITUTO-SAN-BENITO-DE-NURSIA/0207600096X
Buenos Aires,Sección Primera,Mercedes,Mercedes,00640,INSTITUTO SAN BENITO DE NURSIA,0207600097X,https://resultados.gob.ar/elecciones/1/55843/1/-1/-1/Buenos-Aires/Secci%C3%B3n-Primera/Mercedes/Mercedes/00640/INSTITUTO-SAN-BENITO-DE-NURSIA/0207600097X
Buenos Aires,Sección Primera,Mercedes,Mercedes,00640,INSTITUTO SAN BENITO DE NURSIA,0207600098X,https://resultados.gob.ar/elecciones/1/55844/1/-1/-1/Buenos-Aires/Secci%C3%B3n-Primera/Mercedes/Mercedes/00640/INSTITUTO-SAN-BENITO-DE-NURSIA/0207600098X
Buenos Aires,Sección Primera,Mercedes,Mercedes,00640,INSTITUTO SAN BENITO DE NURSIA,0207600099X,https://resultados.gob.ar/elecciones/1/55845/1/-1/-1/Buenos-Aires/Secci%C3%B3n-Primera/Mercedes/Mercedes/00640/INSTITUTO-SAN-BENITO-DE-NURSIA/0207600099X
Buenos Aires,Sección Primera,Mercedes,Mercedes,00640,INSTITUTO SANTO CURA DE ARS,0207600119X,https://resultados.gob.ar/elecciones/1/55865/1/-1/-1/Buenos-Aires/Secci%C3%B3n-Primera/Mercedes/Mercedes/00640/INSTITUTO-SANTO-CURA-DE-ARS/0207600119X
Buenos Aires,Sección Primera,Mercedes,Mercedes,00640,INSTITUTO SANTO CURA DE ARS,0207600120X,https://resultados.gob.ar/elecciones/1/55866/1/-1/-1/Buenos-Aires/Secci%C3%B3n-Primera/Mercedes/Mercedes/00640/INSTITUTO-SANTO-CURA-DE-ARS/0207600120X
Buenos Aires,Sección Primera,Mercedes,Mercedes,00640,INSTITUTO SANTO CURA DE ARS,0207600121X,https://resultados.gob.ar/elecciones/1/55867/1/-1/-1/Buenos-Aires/Secci%C3%B3n-Primera/Mercedes/Mercedes/00640/INSTITUTO-SANTO-CURA-DE-ARS/0207600121X
Buenos Aires,Sección Primera,Mercedes,Mercedes,00640,JARDIN DE INFANTES N°904,0207600114X,https://resultados.gob.ar/elecciones/1/55860/1/-1/-1/Buenos-Aires/Secci%C3%B3n-Primera/Mercedes/Mercedes/00640/JARDIN-DE-INFANTES-N%C2%B0904/0207600114X
Buenos Aires,Sección Primera,Mercedes,Mercedes,00640,JARDIN DE INFANTES N°904,0207600115X,https://resultados.gob.ar/elecciones/1/55861/1/-1/-1/Buenos-Aires/Secci%C3%B3n-Primera/Mercedes/Mercedes/00640/JARDIN-DE-INFANTES-N%C2%B0904/0207600115X
Buenos Aires,Sección Primera,Mercedes,Mercedes,00641,ESCUELA EP N°8,0207600125X,https://resultados.gob.ar/elecciones/1/55871/1/-1/-1/Buenos-Aires/Secci%C3%B3n-Primera/Mercedes/Mercedes/00641/ESCUELA-EP-N%C2%B08/0207600125X
Buenos Aires,Sección Primera,Mercedes,Mercedes,00641,ESCUELA EP N°8,0207600126X,https://resultados.gob.ar/elecciones/1/55872/1/-1/-1/Buenos-Aires/Secci%C3%B3n-Primera/Mercedes/Mercedes/00641/ESCUELA-EP-N%C2%B08/0207600126X
Buenos Aires,Sección Primera,Mercedes,Mercedes,00641,ESCUELA EP N°8,0207600127X,https://resultados.gob.ar/elecciones/1/55873/1/-1/-1/Buenos-Aires/Secci%C3%B3n-Primera/Mercedes/Mercedes/00641/ESCUELA-EP-N%C2%B08/0207600127X
Buenos Aires,Sección Primera,Mercedes,Mercedes,00641,ESCUELA EP N°8,0207600128X,https://resultados.gob.ar/elecciones/1/55874/1/-1/-1/Buenos-Aires/Secci%C3%B3n-Primera/Mercedes/Mercedes/00641/ESCUELA-EP-N%C2%B08/0207600128X
Buenos Aires,Sección Primera,Mercedes,Mercedes,00641,ESCUELA EP N°8,0207600129X,https://resultados.gob.ar/elecciones/1/55875/1/-1/-1/Buenos-Aires/Secci%C3%B3n-Primera/Mercedes/Mercedes/00641/ESCUELA-EP-N%C2%B08/0207600129X
Buenos Aires,Sección Primera,Mercedes,Mercedes,00641,JARDIN DE INFANTES Nº919,0207600122X,https://resultados.gob.ar/elecciones/1/55868/1/-1/-1/Buenos-Aires/Secci%C3%B3n-Primera/Mercedes/Mercedes/00641/JARDIN-DE-INFANTES-N%C2%BA919/0207600122X
Buenos Aires,Sección Primera,Mercedes,Mercedes,00641,JARDIN DE INFANTES Nº919,0207600123X,https://resultados.gob.ar/elecciones/1/55869/1/-1/-1/Buenos-Aires/Secci%C3%B3n-Primera/Mercedes/Mercedes/00641/JARDIN-DE-INFANTES-N%C2%BA919/0207600123X
Buenos Aires,Sección Primera,Mercedes,Mercedes,00641,JARDIN DE INFANTES Nº919,0207600124X,https://resultados.gob.ar/elecciones/1/55870/1/-1/-1/Buenos-Aires/Secci%C3%B3n-Primera/Mercedes/Mercedes/00641/JARDIN-DE-INFANTES-N%C2%BA919/0207600124X
Buenos Aires,Sección Primera,Mercedes,Mercedes,00642,COLEGIO SAN PATRICIO (EP),0207600141X,https://resultados.gob.ar/elecciones/1/55887/1/-1/-1/Buenos-Aires/Secci%C3%B3n-Primera/Mercedes/Mercedes/00642/COLEGIO-SAN-PATRICIO-(EP)/0207600141X
Buenos Aires,Sección Primera,Mercedes,Mercedes,00642,COLEGIO SAN PATRICIO (EP),0207600142X,https://resultados.gob.ar/elecciones/1/55888/1/-1/-1/Buenos-Aires/Secci%C3%B3n-Primera/Mercedes/Mercedes/00642/COLEGIO-SAN-PATRICIO-(EP)/0207600142X
Buenos Aires,Sección Primera,Mercedes,Mercedes,00642,COLEGIO SAN PATRICIO (EP),0207600143X,https://resultados.gob.ar/elecciones/1/55889/1/-1/-1/Buenos-Aires/Secci%C3%B3n-Primera/Mercedes/Mercedes/00642/COLEGIO-SAN-PATRICIO-(EP)/0207600143X
Buenos Aires,Sección Primera,Mercedes,Mercedes,00642,COLEGIO SAN PATRICIO (EP),0207600144X,https://resultados.gob.ar/elecciones/1/55890/1/-1/-1/Buenos-Aires/Secci%C3%B3n-Primera/Mercedes/Mercedes/00642/COLEGIO-SAN-PATRICIO-(EP)/0207600144X
Buenos Aires,Sección Primera,Mercedes,Mercedes,00642,COLEGIO SAN PATRICIO (EP),0207600145X,https://resultados.gob.ar/elecciones/1/55891/1/-1/-1/Buenos-Aires/Secci%C3%B3n-Primera/Mercedes/Mercedes/00642/COLEGIO-SAN-PATRICIO-(EP)/0207600145X
Buenos Aires,Sección Primera,Mercedes,Mercedes,00642,ESCUELA EP N°35,0207600132X,https://resultados.gob.ar/elecciones/1/55878/1/-1/-1/Buenos-Aires/Secci%C3%B3n-Primera/Mercedes/Mercedes/00642/ESCUELA-EP-N%C2%B035/0207600132X
Buenos Aires,Sección Primera,Mercedes,Mercedes,00642,ESCUELA EP N°35,0207600133X,https://resultados.gob.ar/elecciones/1/55879/1/-1/-1/Buenos-Aires/Secci%C3%B3n-Primera/Mercedes/Mercedes/00642/ESCUELA-EP-N%C2%B035/0207600133X
Buenos Aires,Sección Primera,Mercedes,Mercedes,00642,ESCUELA EP N°35,0207600134X,https://resultados.gob.ar/elecciones/1/55880/1/-1/-1/Buenos-Aires/Secci%C3%B3n-Primera/Mercedes/Mercedes/00642/ESCUELA-EP-N%C2%B035/0207600134X
Buenos Aires,Sección Primera,Mercedes,Mercedes,00642,ESCUELA EP N°35,0207600135X,https://resultados.gob.ar/elecciones/1/55881/1/-1/-1/Buenos-Aires/Secci%C3%B3n-Primera/Mercedes/Mercedes/00642/ESCUELA-EP-N%C2%B035/0207600135X
Buenos Aires,Sección Primera,Mercedes,Mercedes,00642,ESCUELA EP N°35,0207600136X,https://resultados.gob.ar/elecciones/1/55882/1/-1/-1/Buenos-Aires/Secci%C3%B3n-Primera/Mercedes/Mercedes/00642/ESCUELA-EP-N%C2%B035/0207600136X
Buenos Aires,Sección Primera,Mercedes,Mercedes,00642,ESCUELA EP N°35,0207600137X,https://resultados.gob.ar/elecciones/1/55883/1/-1/-1/Buenos-Aires/Secci%C3%B3n-Primera/Mercedes/Mercedes/00642/ESCUELA-EP-N%C2%B035/0207600137X
Buenos Aires,Sección Primera,Mercedes,Mercedes,00642,ESCUELA ES N°14,0207600153X,https://resultados.gob.ar/elecciones/1/55899/1/-1/-1/Buenos-Aires/Secci%C3%B3n-Primera/Mercedes/Mercedes/00642/ESCUELA-ES-N%C2%B014/0207600153X
Buenos Aires,Sección Primera,Mercedes,Mercedes,00642,ESCUELA ES N°14,0207600154X,https://resultados.gob.ar/elecciones/1/55900/1/-1/-1/Buenos-Aires/Secci%C3%B3n-Primera/Mercedes/Mercedes/00642/ESCUELA-ES-N%C2%B014/0207600154X
Buenos Aires,Sección Primera,Mercedes,Mercedes,00642,ESCUELA ES N°14,0207600155X,https://resultados.gob.ar/elecciones/1/55901/1/-1/-1/Buenos-Aires/Secci%C3%B3n-Primera/Mercedes/Mercedes/00642/ESCUELA-ES-N%C2%B014/0207600155X
Buenos Aires,Sección Primera,Mercedes,Mercedes,00642,ESCUELA ES N°14,0207600156X,https://resultados.gob.ar/elecciones/1/55902/1/-1/-1/Buenos-Aires/Secci%C3%B3n-Primera/Mercedes/Mercedes/00642/ESCUELA-ES-N%C2%B014/0207600156X
Buenos Aires,Sección Primera,Mercedes,Mercedes,00642,ESCUELA ES N°14,0207600157X,https://resultados.gob.ar/elecciones/1/55903/1/-1/-1/Buenos-Aires/Secci%C3%B3n-Primera/Mercedes/Mercedes/00642/ESCUELA-ES-N%C2%B014/0207600157X
Buenos Aires,Sección Primera,Mercedes,Mercedes,00642,ESCUELA ES Nº10,0207600130X,https://resultados.gob.ar/elecciones/1/55876/1/-1/-1/Buenos-Aires/Secci%C3%B3n-Primera/Mercedes/Mercedes/00642/ESCUELA-ES-N%C2%BA10/0207600130X
Buenos Aires,Sección Primera,Mercedes,Mercedes,00642,ESCUELA ES Nº10,0207600131X,https://resultados.gob.ar/elecciones/1/55877/1/-1/-1/Buenos-Aires/Secci%C3%B3n-Primera/Mercedes/Mercedes/00642/ESCUELA-ES-N%C2%BA10/0207600131X
Buenos Aires,Sección Primera,Mercedes,Mercedes,00642,INSTITUTO DE EDUCACION INTEGRAL SANTA MARIA,0207600146X,https://resultados.gob.ar/elecciones/1/55892/1/-1/-1/Buenos-Aires/Secci%C3%B3n-Primera/Mercedes/Mercedes/00642/INSTITUTO-DE-EDUCACION-INTEGRAL-SANTA-MARIA/0207600146X
Buenos Aires,Sección Primera,Mercedes,Mercedes,00642,INSTITUTO DE EDUCACION INTEGRAL SANTA MARIA,0207600147X,https://resultados.gob.ar/elecciones/1/55893/1/-1/-1/Buenos-Aires/Secci%C3%B3n-Primera/Mercedes/Mercedes/00642/INSTITUTO-DE-EDUCACION-INTEGRAL-SANTA-MARIA/0207600147X
Buenos Aires,Sección Primera,Mercedes,Mercedes,00642,INSTITUTO DE EDUCACION INTEGRAL SANTA MARIA,0207600148X,https://resultados.gob.ar/elecciones/1/55894/1/-1/-1/Buenos-Aires/Secci%C3%B3n-Primera/Mercedes/Mercedes/00642/INSTITUTO-DE-EDUCACION-INTEGRAL-SANTA-MARIA/0207600148X
Buenos Aires,Sección Primera,Mercedes,Mercedes,00642,INSTITUTO DE EDUCACION INTEGRAL SANTA MARIA,0207600149X,https://resultados.gob.ar/elecciones/1/55895/1/-1/-1/Buenos-Aires/Secci%C3%B3n-Primera/Mercedes/Mercedes/00642/INSTITUTO-DE-EDUCACION-INTEGRAL-SANTA-MARIA/0207600149X
Buenos Aires,Sección Primera,Mercedes,Mercedes,00642,INSTITUTO DE EDUCACION INTEGRAL SANTA MARIA,0207600150X,https://resultados.gob.ar/elecciones/1/55896/1/-1/-1/Buenos-Aires/Secci%C3%B3n-Primera/Mercedes/Mercedes/00642/INSTITUTO-DE-EDUCACION-INTEGRAL-SANTA-MARIA/0207600150X
Buenos Aires,Sección Primera,Mercedes,Mercedes,00642,INSTITUTO DE EDUCACION INTEGRAL SANTA MARIA,0207600151X,https://resultados.gob.ar/elecciones/1/55897/1/-1/-1/Buenos-Aires/Secci%C3%B3n-Primera/Mercedes/Mercedes/00642/INSTITUTO-DE-EDUCACION-INTEGRAL-SANTA-MARIA/0207600151X
Buenos Aires,Sección Primera,Mercedes,Mercedes,00642,INSTITUTO DE EDUCACION INTEGRAL SANTA MARIA,0207600152X,https://resultados.gob.ar/elecciones/1/55898/1/-1/-1/Buenos-Aires/Secci%C3%B3n-Primera/Mercedes/Mercedes/00642/INSTITUTO-DE-EDUCACION-INTEGRAL-SANTA-MARIA/0207600152X
Buenos Aires,Sección Primera,Mercedes,Mercedes,00642,JARDIN DE INFANTES N°909,0207600138X,https://resultados.gob.ar/elecciones/1/55884/1/-1/-1/Buenos-Aires/Secci%C3%B3n-Primera/Mercedes/Mercedes/00642/JARDIN-DE-INFANTES-N%C2%B0909/0207600138X
Buenos Aires,Sección Primera,Mercedes,Mercedes,00642,JARDIN DE INFANTES N°909,0207600139X,https://resultados.gob.ar/elecciones/1/55885/1/-1/-1/Buenos-Aires/Secci%C3%B3n-Primera/Mercedes/Mercedes/00642/JARDIN-DE-INFANTES-N%C2%B0909/0207600139X
Buenos Aires,Sección Primera,Mercedes,Mercedes,00642,JARDIN DE INFANTES N°909,0207600140X,https://resultados.gob.ar/elecciones/1/55886/1/-1/-1/Buenos-Aires/Secci%C3%B3n-Primera/Mercedes/Mercedes/00642/JARDIN-DE-INFANTES-N%C2%B0909/0207600140X
Buenos Aires,Sección Primera,Mercedes,Mercedes,00643,ESCUELA EP N°20,0207600162X,https://resultados.gob.ar/elecciones/1/55908/1/-1/-1/Buenos-Aires/Secci%C3%B3n-Primera/Mercedes/Mercedes/00643/ESCUELA-EP-N%C2%B020/0207600162X
Buenos Aires,Sección Primera,Mercedes,Mercedes,00643,ESCUELA EP N°20,0207600163X,https://resultados.gob.ar/elecciones/1/55909/1/-1/-1/Buenos-Aires/Secci%C3%B3n-Primera/Mercedes/Mercedes/00643/ESCUELA-EP-N%C2%B020/0207600163X
Buenos Aires,Sección Primera,Mercedes,Mercedes,00643,ESCUELA EP N°20,0207600164X,https://resultados.gob.ar/elecciones/1/55910/1/-1/-1/Buenos-Aires/Secci%C3%B3n-Primera/Mercedes/Mercedes/00643/ESCUELA-EP-N%C2%B020/0207600164X
Buenos Aires,Sección Primera,Mercedes,Mercedes,00643,ESCUELA EP N°20,0207600165X,https://resultados.gob.ar/elecciones/1/55911/1/-1/-1/Buenos-Aires/Secci%C3%B3n-Primera/Mercedes/Mercedes/00643/ESCUELA-EP-N%C2%B020/0207600165X
Buenos Aires,Sección Primera,Mercedes,Mercedes,00643,ESCUELA EST N°2,0207600158X,https://resultados.gob.ar/elecciones/1/55904/1/-1/-1/Buenos-Aires/Secci%C3%B3n-Primera/Mercedes/Mercedes/00643/ESCUELA-EST-N%C2%B02/0207600158X
Buenos Aires,Sección Primera,Mercedes,Mercedes,00643,ESCUELA EST N°2,0207600159X,https://resultados.gob.ar/elecciones/1/55905/1/-1/-1/Buenos-Aires/Secci%C3%B3n-Primera/Mercedes/Mercedes/00643/ESCUELA-EST-N%C2%B02/0207600159X
Buenos Aires,Sección Primera,Mercedes,Mercedes,00643,ESCUELA EST N°2,0207600160X,https://resultados.gob.ar/elecciones/1/55906/1/-1/-1/Buenos-Aires/Secci%C3%B3n-Primera/Mercedes/Mercedes/00643/ESCUELA-EST-N%C2%B02/0207600160X
Buenos Aires,Sección Primera,Mercedes,Mercedes,00643,ESCUELA EST N°2,0207600161X,https://resultados.gob.ar/elecciones/1/55907/1/-1/-1/Buenos-Aires/Secci%C3%B3n-Primera/Mercedes/Mercedes/00643/ESCUELA-EST-N%C2%B02/0207600161X
Buenos Aires,Sección Primera,Mercedes,Mercedes,00644,ESCUELA EP N°24,0207600166X,https://resultados.gob.ar/elecciones/1/55912/1/-1/-1/Buenos-Aires/Secci%C3%B3n-Primera/Mercedes/Mercedes/00644/ESCUELA-EP-N%C2%B024/0207600166X
Buenos Aires,Sección Primera,Mercedes,Mercedes,00644,ESCUELA EP N°24,0207600167X,https://resultados.gob.ar/elecciones/1/55913/1/-1/-1/Buenos-Aires/Secci%C3%B3n-Primera/Mercedes/Mercedes/00644/ESCUELA-EP-N%C2%B024/0207600167X
Buenos Aires,Sección Primera,Mercedes,Mercedes,00644,ESCUELA EP N°24,0207600168X,https://resultados.gob.ar/elecciones/1/55914/1/-1/-1/Buenos-Aires/Secci%C3%B3n-Primera/Mercedes/Mercedes/00644/ESCUELA-EP-N%C2%B024/0207600168X
Buenos Aires,Sección Primera,Mercedes,Mercedes,00645,ESCUELA EP N°28,0207600169X,https://resultados.gob.ar/elecciones/1/55915/1/-1/-1/Buenos-Aires/Secci%C3%B3n-Primera/Mercedes/Mercedes/00645/ESCUELA-EP-N%C2%B028/0207600169X
Buenos Aires,Sección Primera,Mercedes,Mercedes,00646,ESCUELA EP N°33,0207600170X,https://resultados.gob.ar/elecciones/1/55916/1/-1/-1/Buenos-Aires/Secci%C3%B3n-Primera/Mercedes/Mercedes/00646/ESCUELA-EP-N%C2%B033/0207600170X
Buenos Aires,Sección Primera,Mercedes,Mercedes,00647,ESCUELA ES AGRARIA N°1,0207600171X,https://resultados.gob.ar/elecciones/1/55917/1/-1/-1/Buenos-Aires/Secci%C3%B3n-Primera/Mercedes/Mercedes/00647/ESCUELA-ES-AGRARIA-N%C2%B01/0207600171X
Buenos Aires,Sección Primera,Mercedes,Mercedes,00648,ESCUELA EP N°23,0207600172X,https://resultados.gob.ar/elecciones/1/55918/1/-1/-1/Buenos-Aires/Secci%C3%B3n-Primera/Mercedes/Mercedes/00648/ESCUELA-EP-N%C2%B023/0207600172X
