Buenos Aires,Sección Cuarta,Pehuajó,Pehuajó,00734,ESCUELA EP N°1,0208500045X,https://resultados.gob.ar/elecciones/1/60009/1/-1/-1/Buenos-Aires/Secci%C3%B3n-Cuarta/Pehuaj%C3%B3/Pehuaj%C3%B3/00734/ESCUELA-EP-N%C2%B01/0208500045X
Buenos Aires,Sección Cuarta,Pehuajó,Pehuajó,00734,ESCUELA EP N°1,0208500046X,https://resultados.gob.ar/elecciones/1/60010/1/-1/-1/Buenos-Aires/Secci%C3%B3n-Cuarta/Pehuaj%C3%B3/Pehuaj%C3%B3/00734/ESCUELA-EP-N%C2%B01/0208500046X
Buenos Aires,Sección Cuarta,Pehuajó,Pehuajó,00734,ESCUELA EP N°1,0208500047X,https://resultados.gob.ar/elecciones/1/60011/1/-1/-1/Buenos-Aires/Secci%C3%B3n-Cuarta/Pehuaj%C3%B3/Pehuaj%C3%B3/00734/ESCUELA-EP-N%C2%B01/0208500047X
Buenos Aires,Sección Cuarta,Pehuajó,Pehuajó,00734,ESCUELA EP N°1,0208500048X,https://resultados.gob.ar/elecciones/1/60012/1/-1/-1/Buenos-Aires/Secci%C3%B3n-Cuarta/Pehuaj%C3%B3/Pehuaj%C3%B3/00734/ESCUELA-EP-N%C2%B01/0208500048X
Buenos Aires,Sección Cuarta,Pehuajó,Pehuajó,00734,ESCUELA EP N°13,0208500063X,https://resultados.gob.ar/elecciones/1/60027/1/-1/-1/Buenos-Aires/Secci%C3%B3n-Cuarta/Pehuaj%C3%B3/Pehuaj%C3%B3/00734/ESCUELA-EP-N%C2%B013/0208500063X
Buenos Aires,Sección Cuarta,Pehuajó,Pehuajó,00734,ESCUELA EP N°13,0208500064X,https://resultados.gob.ar/elecciones/1/60028/1/-1/-1/Buenos-Aires/Secci%C3%B3n-Cuarta/Pehuaj%C3%B3/Pehuaj%C3%B3/00734/ESCUELA-EP-N%C2%B013/0208500064X
Buenos Aires,Sección Cuarta,Pehuajó,Pehuajó,00734,ESCUELA EP N°13,0208500065X,https://resultados.gob.ar/elecciones/1/60029/1/-1/-1/Buenos-Aires/Secci%C3%B3n-Cuarta/Pehuaj%C3%B3/Pehuaj%C3%B3/00734/ESCUELA-EP-N%C2%B013/0208500065X
Buenos Aires,Sección Cuarta,Pehuajó,Pehuajó,00734,ESCUELA EP N°13,0208500066X,https://resultados.gob.ar/elecciones/1/60030/1/-1/-1/Buenos-Aires/Secci%C3%B3n-Cuarta/Pehuaj%C3%B3/Pehuaj%C3%B3/00734/ESCUELA-EP-N%C2%B013/0208500066X
Buenos Aires,Sección Cuarta,Pehuajó,Pehuajó,00734,ESCUELA EP N°13,0208500067X,https://resultados.gob.ar/elecciones/1/60031/1/-1/-1/Buenos-Aires/Secci%C3%B3n-Cuarta/Pehuaj%C3%B3/Pehuaj%C3%B3/00734/ESCUELA-EP-N%C2%B013/0208500067X
Buenos Aires,Sección Cuarta,Pehuajó,Pehuajó,00734,ESCUELA EP N°13,0208500068X,https://resultados.gob.ar/elecciones/1/60032/1/-1/-1/Buenos-Aires/Secci%C3%B3n-Cuarta/Pehuaj%C3%B3/Pehuaj%C3%B3/00734/ESCUELA-EP-N%C2%B013/0208500068X
Buenos Aires,Sección Cuarta,Pehuajó,Pehuajó,00734,ESCUELA EP N°13,0208500069X,https://resultados.gob.ar/elecciones/1/60033/1/-1/-1/Buenos-Aires/Secci%C3%B3n-Cuarta/Pehuaj%C3%B3/Pehuaj%C3%B3/00734/ESCUELA-EP-N%C2%B013/0208500069X
Buenos Aires,Sección Cuarta,Pehuajó,Pehuajó,00734,ESCUELA EP N°13,0208500070X,https://resultados.gob.ar/elecciones/1/60034/1/-1/-1/Buenos-Aires/Secci%C3%B3n-Cuarta/Pehuaj%C3%B3/Pehuaj%C3%B3/00734/ESCUELA-EP-N%C2%B013/0208500070X
Buenos Aires,Sección Cuarta,Pehuajó,Pehuajó,00734,ESCUELA EP N°13,0208500071X,https://resultados.gob.ar/elecciones/1/60035/1/-1/-1/Buenos-Aires/Secci%C3%B3n-Cuarta/Pehuaj%C3%B3/Pehuaj%C3%B3/00734/ESCUELA-EP-N%C2%B013/0208500071X
Buenos Aires,Sección Cuarta,Pehuajó,Pehuajó,00734,ESCUELA EP N°15,0208500072X,https://resultados.gob.ar/elecciones/1/60036/1/-1/-1/Buenos-Aires/Secci%C3%B3n-Cuarta/Pehuaj%C3%B3/Pehuaj%C3%B3/00734/ESCUELA-EP-N%C2%B015/0208500072X
Buenos Aires,Sección Cuarta,Pehuajó,Pehuajó,00734,ESCUELA EP N°15,0208500073X,https://resultados.gob.ar/elecciones/1/60037/1/-1/-1/Buenos-Aires/Secci%C3%B3n-Cuarta/Pehuaj%C3%B3/Pehuaj%C3%B3/00734/ESCUELA-EP-N%C2%B015/0208500073X
Buenos Aires,Sección Cuarta,Pehuajó,Pehuajó,00734,ESCUELA EP N°15,0208500074X,https://resultados.gob.ar/elecciones/1/60038/1/-1/-1/Buenos-Aires/Secci%C3%B3n-Cuarta/Pehuaj%C3%B3/Pehuaj%C3%B3/00734/ESCUELA-EP-N%C2%B015/0208500074X
Buenos Aires,Sección Cuarta,Pehuajó,Pehuajó,00734,ESCUELA EP N°15,0208500075X,https://resultados.gob.ar/elecciones/1/60039/1/-1/-1/Buenos-Aires/Secci%C3%B3n-Cuarta/Pehuaj%C3%B3/Pehuaj%C3%B3/00734/ESCUELA-EP-N%C2%B015/0208500075X
Buenos Aires,Sección Cuarta,Pehuajó,Pehuajó,00734,ESCUELA EP N°2,0208500049X,https://resultados.gob.ar/elecciones/1/60013/1/-1/-1/Buenos-Aires/Secci%C3%B3n-Cuarta/Pehuaj%C3%B3/Pehuaj%C3%B3/00734/ESCUELA-EP-N%C2%B02/0208500049X
Buenos Aires,Sección Cuarta,Pehuajó,Pehuajó,00734,ESCUELA EP N°2,0208500050X,https://resultados.gob.ar/elecciones/1/60014/1/-1/-1/Buenos-Aires/Secci%C3%B3n-Cuarta/Pehuaj%C3%B3/Pehuaj%C3%B3/00734/ESCUELA-EP-N%C2%B02/0208500050X
Buenos Aires,Sección Cuarta,Pehuajó,Pehuajó,00734,ESCUELA EP N°2,0208500051X,https://resultados.gob.ar/elecciones/1/60015/1/-1/-1/Buenos-Aires/Secci%C3%B3n-Cuarta/Pehuaj%C3%B3/Pehuaj%C3%B3/00734/ESCUELA-EP-N%C2%B02/0208500051X
Buenos Aires,Sección Cuarta,Pehuajó,Pehuajó,00734,ESCUELA EP N°2,0208500052X,https://resultados.gob.ar/elecciones/1/60016/1/-1/-1/Buenos-Aires/Secci%C3%B3n-Cuarta/Pehuaj%C3%B3/Pehuaj%C3%B3/00734/ESCUELA-EP-N%C2%B02/0208500052X
Buenos Aires,Sección Cuarta,Pehuajó,Pehuajó,00734,ESCUELA EP N°2,0208500053X,https://resultados.gob.ar/elecciones/1/60017/1/-1/-1/Buenos-Aires/Secci%C3%B3n-Cuarta/Pehuaj%C3%B3/Pehuaj%C3%B3/00734/ESCUELA-EP-N%C2%B02/0208500053X
Buenos Aires,Sección Cuarta,Pehuajó,Pehuajó,00734,ESCUELA EP N°2,0208500054X,https://resultados.gob.ar/elecciones/1/60018/1/-1/-1/Buenos-Aires/Secci%C3%B3n-Cuarta/Pehuaj%C3%B3/Pehuaj%C3%B3/00734/ESCUELA-EP-N%C2%B02/0208500054X
Buenos Aires,Sección Cuarta,Pehuajó,Pehuajó,00734,ESCUELA EP N°2,0208500055X,https://resultados.gob.ar/elecciones/1/60019/1/-1/-1/Buenos-Aires/Secci%C3%B3n-Cuarta/Pehuaj%C3%B3/Pehuaj%C3%B3/00734/ESCUELA-EP-N%C2%B02/0208500055X
Buenos Aires,Sección Cuarta,Pehuajó,Pehuajó,00734,ESCUELA EP N°2,0208500056X,https://resultados.gob.ar/elecciones/1/60020/1/-1/-1/Buenos-Aires/Secci%C3%B3n-Cuarta/Pehuaj%C3%B3/Pehuaj%C3%B3/00734/ESCUELA-EP-N%C2%B02/0208500056X
Buenos Aires,Sección Cuarta,Pehuajó,Pehuajó,00734,ESCUELA EP N°20,0208500076X,https://resultados.gob.ar/elecciones/1/60040/1/-1/-1/Buenos-Aires/Secci%C3%B3n-Cuarta/Pehuaj%C3%B3/Pehuaj%C3%B3/00734/ESCUELA-EP-N%C2%B020/0208500076X
Buenos Aires,Sección Cuarta,Pehuajó,Pehuajó,00734,ESCUELA EP N°20,0208500077X,https://resultados.gob.ar/elecciones/1/60041/1/-1/-1/Buenos-Aires/Secci%C3%B3n-Cuarta/Pehuaj%C3%B3/Pehuaj%C3%B3/00734/ESCUELA-EP-N%C2%B020/0208500077X
Buenos Aires,Sección Cuarta,Pehuajó,Pehuajó,00734,ESCUELA EP N°20,0208500078X,https://resultados.gob.ar/elecciones/1/60042/1/-1/-1/Buenos-Aires/Secci%C3%B3n-Cuarta/Pehuaj%C3%B3/Pehuaj%C3%B3/00734/ESCUELA-EP-N%C2%B020/0208500078X
Buenos Aires,Sección Cuarta,Pehuajó,Pehuajó,00734,ESCUELA EP N°20,0208500079X,https://resultados.gob.ar/elecciones/1/60043/1/-1/-1/Buenos-Aires/Secci%C3%B3n-Cuarta/Pehuaj%C3%B3/Pehuaj%C3%B3/00734/ESCUELA-EP-N%C2%B020/0208500079X
Buenos Aires,Sección Cuarta,Pehuajó,Pehuajó,00734,ESCUELA EP N°20,0208500080X,https://resultados.gob.ar/elecciones/1/60044/1/-1/-1/Buenos-Aires/Secci%C3%B3n-Cuarta/Pehuaj%C3%B3/Pehuaj%C3%B3/00734/ESCUELA-EP-N%C2%B020/0208500080X
Buenos Aires,Sección Cuarta,Pehuajó,Pehuajó,00734,ESCUELA EP N°48/ ES N°12,0208500031X,https://resultados.gob.ar/elecciones/1/59995/1/-1/-1/Buenos-Aires/Secci%C3%B3n-Cuarta/Pehuaj%C3%B3/Pehuaj%C3%B3/00734/ESCUELA-EP-N%C2%B048%2F-ES-N%C2%B012/0208500031X
Buenos Aires,Sección Cuarta,Pehuajó,Pehuajó,00734,ESCUELA EP N°48/ ES N°12,0208500032X,https://resultados.gob.ar/elecciones/1/59996/1/-1/-1/Buenos-Aires/Secci%C3%B3n-Cuarta/Pehuaj%C3%B3/Pehuaj%C3%B3/00734/ESCUELA-EP-N%C2%B048%2F-ES-N%C2%B012/0208500032X
Buenos Aires,Sección Cuarta,Pehuajó,Pehuajó,00734,ESCUELA EP N°48/ ES N°12,0208500033X,https://resultados.gob.ar/elecciones/1/59997/1/-1/-1/Buenos-Aires/Secci%C3%B3n-Cuarta/Pehuaj%C3%B3/Pehuaj%C3%B3/00734/ESCUELA-EP-N%C2%B048%2F-ES-N%C2%B012/0208500033X
Buenos Aires,Sección Cuarta,Pehuajó,Pehuajó,00734,ESCUELA EP N°48/ ES N°12,0208500034X,https://resultados.gob.ar/elecciones/1/59998/1/-1/-1/Buenos-Aires/Secci%C3%B3n-Cuarta/Pehuaj%C3%B3/Pehuaj%C3%B3/00734/ESCUELA-EP-N%C2%B048%2F-ES-N%C2%B012/0208500034X
Buenos Aires,Sección Cuarta,Pehuajó,Pehuajó,00734,ESCUELA EP N°48/ ES N°12,0208500035X,https://resultados.gob.ar/elecciones/1/59999/1/-1/-1/Buenos-Aires/Secci%C3%B3n-Cuarta/Pehuaj%C3%B3/Pehuaj%C3%B3/00734/ESCUELA-EP-N%C2%B048%2F-ES-N%C2%B012/0208500035X
Buenos Aires,Sección Cuarta,Pehuajó,Pehuajó,00734,ESCUELA EP N°48/ ES N°12,0208500036X,https://resultados.gob.ar/elecciones/1/60000/1/-1/-1/Buenos-Aires/Secci%C3%B3n-Cuarta/Pehuaj%C3%B3/Pehuaj%C3%B3/00734/ESCUELA-EP-N%C2%B048%2F-ES-N%C2%B012/0208500036X
Buenos Aires,Sección Cuarta,Pehuajó,Pehuajó,00734,ESCUELA EP N°48/ ES N°12,0208500037X,https://resultados.gob.ar/elecciones/1/60001/1/-1/-1/Buenos-Aires/Secci%C3%B3n-Cuarta/Pehuaj%C3%B3/Pehuaj%C3%B3/00734/ESCUELA-EP-N%C2%B048%2F-ES-N%C2%B012/0208500037X
Buenos Aires,Sección Cuarta,Pehuajó,Pehuajó,00734,ESCUELA EP N°48/ ES N°12,0208500038X,https://resultados.gob.ar/elecciones/1/60002/1/-1/-1/Buenos-Aires/Secci%C3%B3n-Cuarta/Pehuaj%C3%B3/Pehuaj%C3%B3/00734/ESCUELA-EP-N%C2%B048%2F-ES-N%C2%B012/0208500038X
Buenos Aires,Sección Cuarta,Pehuajó,Pehuajó,00734,ESCUELA EP N°48/ ES N°12,0208500039X,https://resultados.gob.ar/elecciones/1/60003/1/-1/-1/Buenos-Aires/Secci%C3%B3n-Cuarta/Pehuaj%C3%B3/Pehuaj%C3%B3/00734/ESCUELA-EP-N%C2%B048%2F-ES-N%C2%B012/0208500039X
Buenos Aires,Sección Cuarta,Pehuajó,Pehuajó,00734,ESCUELA EP N°9,0208500057X,https://resultados.gob.ar/elecciones/1/60021/1/-1/-1/Buenos-Aires/Secci%C3%B3n-Cuarta/Pehuaj%C3%B3/Pehuaj%C3%B3/00734/ESCUELA-EP-N%C2%B09/0208500057X
Buenos Aires,Sección Cuarta,Pehuajó,Pehuajó,00734,ESCUELA EP N°9,0208500058X,https://resultados.gob.ar/elecciones/1/60022/1/-1/-1/Buenos-Aires/Secci%C3%B3n-Cuarta/Pehuaj%C3%B3/Pehuaj%C3%B3/00734/ESCUELA-EP-N%C2%B09/0208500058X
Buenos Aires,Sección Cuarta,Pehuajó,Pehuajó,00734,ESCUELA EP N°9,0208500059X,https://resultados.gob.ar/elecciones/1/60023/1/-1/-1/Buenos-Aires/Secci%C3%B3n-Cuarta/Pehuaj%C3%B3/Pehuaj%C3%B3/00734/ESCUELA-EP-N%C2%B09/0208500059X
Buenos Aires,Sección Cuarta,Pehuajó,Pehuajó,00734,ESCUELA EP N°9,0208500060X,https://resultados.gob.ar/elecciones/1/60024/1/-1/-1/Buenos-Aires/Secci%C3%B3n-Cuarta/Pehuaj%C3%B3/Pehuaj%C3%B3/00734/ESCUELA-EP-N%C2%B09/0208500060X
Buenos Aires,Sección Cuarta,Pehuajó,Pehuajó,00734,ESCUELA EP N°9,0208500061X,https://resultados.gob.ar/elecciones/1/60025/1/-1/-1/Buenos-Aires/Secci%C3%B3n-Cuarta/Pehuaj%C3%B3/Pehuaj%C3%B3/00734/ESCUELA-EP-N%C2%B09/0208500061X
Buenos Aires,Sección Cuarta,Pehuajó,Pehuajó,00734,ESCUELA EP N°9,0208500062X,https://resultados.gob.ar/elecciones/1/60026/1/-1/-1/Buenos-Aires/Secci%C3%B3n-Cuarta/Pehuaj%C3%B3/Pehuaj%C3%B3/00734/ESCUELA-EP-N%C2%B09/0208500062X
Buenos Aires,Sección Cuarta,Pehuajó,Pehuajó,00734,ESCUELA ES N°6,0208500006X,https://resultados.gob.ar/elecciones/1/59970/1/-1/-1/Buenos-Aires/Secci%C3%B3n-Cuarta/Pehuaj%C3%B3/Pehuaj%C3%B3/00734/ESCUELA-ES-N%C2%B06/0208500006X
Buenos Aires,Sección Cuarta,Pehuajó,Pehuajó,00734,ESCUELA ES N°6,0208500007X,https://resultados.gob.ar/elecciones/1/59971/1/-1/-1/Buenos-Aires/Secci%C3%B3n-Cuarta/Pehuaj%C3%B3/Pehuaj%C3%B3/00734/ESCUELA-ES-N%C2%B06/0208500007X
Buenos Aires,Sección Cuarta,Pehuajó,Pehuajó,00734,ESCUELA ES N°6,0208500008X,https://resultados.gob.ar/elecciones/1/59972/1/-1/-1/Buenos-Aires/Secci%C3%B3n-Cuarta/Pehuaj%C3%B3/Pehuaj%C3%B3/00734/ESCUELA-ES-N%C2%B06/0208500008X
Buenos Aires,Sección Cuarta,Pehuajó,Pehuajó,00734,ESCUELA ES N°6,0208500009X,https://resultados.gob.ar/elecciones/1/59973/1/-1/-1/Buenos-Aires/Secci%C3%B3n-Cuarta/Pehuaj%C3%B3/Pehuaj%C3%B3/00734/ESCUELA-ES-N%C2%B06/0208500009X
Buenos Aires,Sección Cuarta,Pehuajó,Pehuajó,00734,ESCUELA ES N°6,0208500010X,https://resultados.gob.ar/elecciones/1/59974/1/-1/-1/Buenos-Aires/Secci%C3%B3n-Cuarta/Pehuaj%C3%B3/Pehuaj%C3%B3/00734/ESCUELA-ES-N%C2%B06/0208500010X
Buenos Aires,Sección Cuarta,Pehuajó,Pehuajó,00734,ESCUELA ES N°6,0208500011X,https://resultados.gob.ar/elecciones/1/59975/1/-1/-1/Buenos-Aires/Secci%C3%B3n-Cuarta/Pehuaj%C3%B3/Pehuaj%C3%B3/00734/ESCUELA-ES-N%C2%B06/0208500011X
Buenos Aires,Sección Cuarta,Pehuajó,Pehuajó,00734,ESCUELA ES N°6,0208500012X,https://resultados.gob.ar/elecciones/1/59976/1/-1/-1/Buenos-Aires/Secci%C3%B3n-Cuarta/Pehuaj%C3%B3/Pehuaj%C3%B3/00734/ESCUELA-ES-N%C2%B06/0208500012X
Buenos Aires,Sección Cuarta,Pehuajó,Pehuajó,00734,ESCUELA ES N°6,0208500013X,https://resultados.gob.ar/elecciones/1/59977/1/-1/-1/Buenos-Aires/Secci%C3%B3n-Cuarta/Pehuaj%C3%B3/Pehuaj%C3%B3/00734/ESCUELA-ES-N%C2%B06/0208500013X
Buenos Aires,Sección Cuarta,Pehuajó,Pehuajó,00734,ESCUELA ES N°7/ EP N 54,0208500022X,https://resultados.gob.ar/elecciones/1/59986/1/-1/-1/Buenos-Aires/Secci%C3%B3n-Cuarta/Pehuaj%C3%B3/Pehuaj%C3%B3/00734/ESCUELA-ES-N%C2%B07%2F-EP-N-54/0208500022X
Buenos Aires,Sección Cuarta,Pehuajó,Pehuajó,00734,ESCUELA ES N°7/ EP N 54,0208500023X,https://resultados.gob.ar/elecciones/1/59987/1/-1/-1/Buenos-Aires/Secci%C3%B3n-Cuarta/Pehuaj%C3%B3/Pehuaj%C3%B3/00734/ESCUELA-ES-N%C2%B07%2F-EP-N-54/0208500023X
Buenos Aires,Sección Cuarta,Pehuajó,Pehuajó,00734,ESCUELA ES N°7/ EP N 54,0208500024X,https://resultados.gob.ar/elecciones/1/59988/1/-1/-1/Buenos-Aires/Secci%C3%B3n-Cuarta/Pehuaj%C3%B3/Pehuaj%C3%B3/00734/ESCUELA-ES-N%C2%B07%2F-EP-N-54/0208500024X
Buenos Aires,Sección Cuarta,Pehuajó,Pehuajó,00734,ESCUELA ES N°7/ EP N 54,0208500025X,https://resultados.gob.ar/elecciones/1/59989/1/-1/-1/Buenos-Aires/Secci%C3%B3n-Cuarta/Pehuaj%C3%B3/Pehuaj%C3%B3/00734/ESCUELA-ES-N%C2%B07%2F-EP-N-54/0208500025X
Buenos Aires,Sección Cuarta,Pehuajó,Pehuajó,00734,ESCUELA ES N°7/ EP N 54,0208500026X,https://resultados.gob.ar/elecciones/1/59990/1/-1/-1/Buenos-Aires/Secci%C3%B3n-Cuarta/Pehuaj%C3%B3/Pehuaj%C3%B3/00734/ESCUELA-ES-N%C2%B07%2F-EP-N-54/0208500026X
Buenos Aires,Sección Cuarta,Pehuajó,Pehuajó,00734,ESCUELA ES N°7/ EP N 54,0208500027X,https://resultados.gob.ar/elecciones/1/59991/1/-1/-1/Buenos-Aires/Secci%C3%B3n-Cuarta/Pehuaj%C3%B3/Pehuaj%C3%B3/00734/ESCUELA-ES-N%C2%B07%2F-EP-N-54/0208500027X
Buenos Aires,Sección Cuarta,Pehuajó,Pehuajó,00734,ESCUELA ES N°7/ EP N 54,0208500028X,https://resultados.gob.ar/elecciones/1/59992/1/-1/-1/Buenos-Aires/Secci%C3%B3n-Cuarta/Pehuaj%C3%B3/Pehuaj%C3%B3/00734/ESCUELA-ES-N%C2%B07%2F-EP-N-54/0208500028X
Buenos Aires,Sección Cuarta,Pehuajó,Pehuajó,00734,ESCUELA ES N°7/ EP N 54,0208500029X,https://resultados.gob.ar/elecciones/1/59993/1/-1/-1/Buenos-Aires/Secci%C3%B3n-Cuarta/Pehuaj%C3%B3/Pehuaj%C3%B3/00734/ESCUELA-ES-N%C2%B07%2F-EP-N-54/0208500029X
Buenos Aires,Sección Cuarta,Pehuajó,Pehuajó,00734,ESCUELA ES N°7/ EP N 54,0208500030X,https://resultados.gob.ar/elecciones/1/59994/1/-1/-1/Buenos-Aires/Secci%C3%B3n-Cuarta/Pehuaj%C3%B3/Pehuaj%C3%B3/00734/ESCUELA-ES-N%C2%B07%2F-EP-N-54/0208500030X
Buenos Aires,Sección Cuarta,Pehuajó,Pehuajó,00734,ESCUELA EST N°1/EP N 6,0208500014X,https://resultados.gob.ar/elecciones/1/59978/1/-1/-1/Buenos-Aires/Secci%C3%B3n-Cuarta/Pehuaj%C3%B3/Pehuaj%C3%B3/00734/ESCUELA-EST-N%C2%B01%2FEP-N-6/0208500014X
Buenos Aires,Sección Cuarta,Pehuajó,Pehuajó,00734,ESCUELA EST N°1/EP N 6,0208500015X,https://resultados.gob.ar/elecciones/1/59979/1/-1/-1/Buenos-Aires/Secci%C3%B3n-Cuarta/Pehuaj%C3%B3/Pehuaj%C3%B3/00734/ESCUELA-EST-N%C2%B01%2FEP-N-6/0208500015X
Buenos Aires,Sección Cuarta,Pehuajó,Pehuajó,00734,ESCUELA EST N°1/EP N 6,0208500016X,https://resultados.gob.ar/elecciones/1/59980/1/-1/-1/Buenos-Aires/Secci%C3%B3n-Cuarta/Pehuaj%C3%B3/Pehuaj%C3%B3/00734/ESCUELA-EST-N%C2%B01%2FEP-N-6/0208500016X
Buenos Aires,Sección Cuarta,Pehuajó,Pehuajó,00734,ESCUELA EST N°1/EP N 6,0208500017X,https://resultados.gob.ar/elecciones/1/59981/1/-1/-1/Buenos-Aires/Secci%C3%B3n-Cuarta/Pehuaj%C3%B3/Pehuaj%C3%B3/00734/ESCUELA-EST-N%C2%B01%2FEP-N-6/0208500017X
Buenos Aires,Sección Cuarta,Pehuajó,Pehuajó,00734,ESCUELA EST N°1/EP N 6,0208500018X,https://resultados.gob.ar/elecciones/1/59982/1/-1/-1/Buenos-Aires/Secci%C3%B3n-Cuarta/Pehuaj%C3%B3/Pehuaj%C3%B3/00734/ESCUELA-EST-N%C2%B01%2FEP-N-6/0208500018X
Buenos Aires,Sección Cuarta,Pehuajó,Pehuajó,00734,ESCUELA EST N°1/EP N 6,0208500019X,https://resultados.gob.ar/elecciones/1/59983/1/-1/-1/Buenos-Aires/Secci%C3%B3n-Cuarta/Pehuaj%C3%B3/Pehuaj%C3%B3/00734/ESCUELA-EST-N%C2%B01%2FEP-N-6/0208500019X
Buenos Aires,Sección Cuarta,Pehuajó,Pehuajó,00734,ESCUELA EST N°1/EP N 6,0208500020X,https://resultados.gob.ar/elecciones/1/59984/1/-1/-1/Buenos-Aires/Secci%C3%B3n-Cuarta/Pehuaj%C3%B3/Pehuaj%C3%B3/00734/ESCUELA-EST-N%C2%B01%2FEP-N-6/0208500020X
Buenos Aires,Sección Cuarta,Pehuajó,Pehuajó,00734,ESCUELA EST N°1/EP N 6,0208500021X,https://resultados.gob.ar/elecciones/1/59985/1/-1/-1/Buenos-Aires/Secci%C3%B3n-Cuarta/Pehuaj%C3%B3/Pehuaj%C3%B3/00734/ESCUELA-EST-N%C2%B01%2FEP-N-6/0208500021X
Buenos Aires,Sección Cuarta,Pehuajó,Pehuajó,00734,INSTITUTO DE FORMACION DOCENTE Y TECNICA Nº13,0208500001X,https://resultados.gob.ar/elecciones/1/59965/1/-1/-1/Buenos-Aires/Secci%C3%B3n-Cuarta/Pehuaj%C3%B3/Pehuaj%C3%B3/00734/INSTITUTO-DE-FORMACION-DOCENTE-Y-TECNICA-N%C2%BA13/0208500001X
Buenos Aires,Sección Cuarta,Pehuajó,Pehuajó,00734,INSTITUTO DE FORMACION DOCENTE Y TECNICA Nº13,0208500002X,https://resultados.gob.ar/elecciones/1/59966/1/-1/-1/Buenos-Aires/Secci%C3%B3n-Cuarta/Pehuaj%C3%B3/Pehuaj%C3%B3/00734/INSTITUTO-DE-FORMACION-DOCENTE-Y-TECNICA-N%C2%BA13/0208500002X
Buenos Aires,Sección Cuarta,Pehuajó,Pehuajó,00734,INSTITUTO DE FORMACION DOCENTE Y TECNICA Nº13,0208500003X,https://resultados.gob.ar/elecciones/1/59967/1/-1/-1/Buenos-Aires/Secci%C3%B3n-Cuarta/Pehuaj%C3%B3/Pehuaj%C3%B3/00734/INSTITUTO-DE-FORMACION-DOCENTE-Y-TECNICA-N%C2%BA13/0208500003X
Buenos Aires,Sección Cuarta,Pehuajó,Pehuajó,00734,INSTITUTO DE FORMACION DOCENTE Y TECNICA Nº13,0208500004X,https://resultados.gob.ar/elecciones/1/59968/1/-1/-1/Buenos-Aires/Secci%C3%B3n-Cuarta/Pehuaj%C3%B3/Pehuaj%C3%B3/00734/INSTITUTO-DE-FORMACION-DOCENTE-Y-TECNICA-N%C2%BA13/0208500004X
Buenos Aires,Sección Cuarta,Pehuajó,Pehuajó,00734,INSTITUTO DE FORMACION DOCENTE Y TECNICA Nº13,0208500005X,https://resultados.gob.ar/elecciones/1/59969/1/-1/-1/Buenos-Aires/Secci%C3%B3n-Cuarta/Pehuaj%C3%B3/Pehuaj%C3%B3/00734/INSTITUTO-DE-FORMACION-DOCENTE-Y-TECNICA-N%C2%BA13/0208500005X
Buenos Aires,Sección Cuarta,Pehuajó,Pehuajó,00734,INSTITUTO SAN JOSE (EP/ES),0208500040X,https://resultados.gob.ar/elecciones/1/60004/1/-1/-1/Buenos-Aires/Secci%C3%B3n-Cuarta/Pehuaj%C3%B3/Pehuaj%C3%B3/00734/INSTITUTO-SAN-JOSE-(EP%2FES)/0208500040X
Buenos Aires,Sección Cuarta,Pehuajó,Pehuajó,00734,INSTITUTO SAN JOSE (EP/ES),0208500041X,https://resultados.gob.ar/elecciones/1/60005/1/-1/-1/Buenos-Aires/Secci%C3%B3n-Cuarta/Pehuaj%C3%B3/Pehuaj%C3%B3/00734/INSTITUTO-SAN-JOSE-(EP%2FES)/0208500041X
Buenos Aires,Sección Cuarta,Pehuajó,Pehuajó,00734,INSTITUTO SAN JOSE (EP/ES),0208500042X,https://resultados.gob.ar/elecciones/1/60006/1/-1/-1/Buenos-Aires/Secci%C3%B3n-Cuarta/Pehuaj%C3%B3/Pehuaj%C3%B3/00734/INSTITUTO-SAN-JOSE-(EP%2FES)/0208500042X
Buenos Aires,Sección Cuarta,Pehuajó,Pehuajó,00734,INSTITUTO SAN JOSE (EP/ES),0208500043X,https://resultados.gob.ar/elecciones/1/60007/1/-1/-1/Buenos-Aires/Secci%C3%B3n-Cuarta/Pehuaj%C3%B3/Pehuaj%C3%B3/00734/INSTITUTO-SAN-JOSE-(EP%2FES)/0208500043X
Buenos Aires,Sección Cuarta,Pehuajó,Pehuajó,00734,INSTITUTO SAN JOSE (EP/ES),0208500044X,https://resultados.gob.ar/elecciones/1/60008/1/-1/-1/Buenos-Aires/Secci%C3%B3n-Cuarta/Pehuaj%C3%B3/Pehuaj%C3%B3/00734/INSTITUTO-SAN-JOSE-(EP%2FES)/0208500044X
Buenos Aires,Sección Cuarta,Pehuajó,Pehuajó,00734,INSTITUTO SUPERIOR DE FORMACION DOCENTE Y TECNICA N°148,0208500081X,https://resultados.gob.ar/elecciones/1/60045/1/-1/-1/Buenos-Aires/Secci%C3%B3n-Cuarta/Pehuaj%C3%B3/Pehuaj%C3%B3/00734/INSTITUTO-SUPERIOR-DE-FORMACION-DOCENTE-Y-TECNICA-N%C2%B0148/0208500081X
Buenos Aires,Sección Cuarta,Pehuajó,Pehuajó,00734,INSTITUTO SUPERIOR DE FORMACION DOCENTE Y TECNICA N°148,0208500082X,https://resultados.gob.ar/elecciones/1/60046/1/-1/-1/Buenos-Aires/Secci%C3%B3n-Cuarta/Pehuaj%C3%B3/Pehuaj%C3%B3/00734/INSTITUTO-SUPERIOR-DE-FORMACION-DOCENTE-Y-TECNICA-N%C2%B0148/0208500082X
Buenos Aires,Sección Cuarta,Pehuajó,Pehuajó,00734,INSTITUTO SUPERIOR DE FORMACION DOCENTE Y TECNICA N°148,0208500083X,https://resultados.gob.ar/elecciones/1/60047/1/-1/-1/Buenos-Aires/Secci%C3%B3n-Cuarta/Pehuaj%C3%B3/Pehuaj%C3%B3/00734/INSTITUTO-SUPERIOR-DE-FORMACION-DOCENTE-Y-TECNICA-N%C2%B0148/0208500083X
Buenos Aires,Sección Cuarta,Pehuajó,Pehuajó,00734,INSTITUTO SUPERIOR DE FORMACION DOCENTE Y TECNICA N°148,0208500084X,https://resultados.gob.ar/elecciones/1/60048/1/-1/-1/Buenos-Aires/Secci%C3%B3n-Cuarta/Pehuaj%C3%B3/Pehuaj%C3%B3/00734/INSTITUTO-SUPERIOR-DE-FORMACION-DOCENTE-Y-TECNICA-N%C2%B0148/0208500084X
Buenos Aires,Sección Cuarta,Pehuajó,Pehuajó,00734,INSTITUTO SUPERIOR DE FORMACION DOCENTE Y TECNICA N°148,0208500085X,https://resultados.gob.ar/elecciones/1/60049/1/-1/-1/Buenos-Aires/Secci%C3%B3n-Cuarta/Pehuaj%C3%B3/Pehuaj%C3%B3/00734/INSTITUTO-SUPERIOR-DE-FORMACION-DOCENTE-Y-TECNICA-N%C2%B0148/0208500085X
Buenos Aires,Sección Cuarta,Pehuajó,Pehuajó,00734,INSTITUTO SUPERIOR DE FORMACION DOCENTE Y TECNICA N°148,0208500086X,https://resultados.gob.ar/elecciones/1/60050/1/-1/-1/Buenos-Aires/Secci%C3%B3n-Cuarta/Pehuaj%C3%B3/Pehuaj%C3%B3/00734/INSTITUTO-SUPERIOR-DE-FORMACION-DOCENTE-Y-TECNICA-N%C2%B0148/0208500086X
Buenos Aires,Sección Cuarta,Pehuajó,Pehuajó,00734,INSTITUTO SUPERIOR DE FORMACION DOCENTE Y TECNICA N°148,0208500095X,https://resultados.gob.ar/elecciones/1/60059/1/-1/-1/Buenos-Aires/Secci%C3%B3n-Cuarta/Pehuaj%C3%B3/Pehuaj%C3%B3/00734/INSTITUTO-SUPERIOR-DE-FORMACION-DOCENTE-Y-TECNICA-N%C2%B0148/0208500095X
Buenos Aires,Sección Cuarta,Pehuajó,Pehuajó,00735,ESCUELA EP N°5/ES N°10,0208500088X,https://resultados.gob.ar/elecciones/1/60052/1/-1/-1/Buenos-Aires/Secci%C3%B3n-Cuarta/Pehuaj%C3%B3/Pehuaj%C3%B3/00735/ESCUELA-EP-N%C2%B05%2FES-N%C2%B010/0208500088X
Buenos Aires,Sección Cuarta,Pehuajó,Pehuajó,00736,ESCUELA EP N°25/ ES N°1,0208500089X,https://resultados.gob.ar/elecciones/1/60053/1/-1/-1/Buenos-Aires/Secci%C3%B3n-Cuarta/Pehuaj%C3%B3/Pehuaj%C3%B3/00736/ESCUELA-EP-N%C2%B025%2F-ES-N%C2%B01/0208500089X
Buenos Aires,Sección Cuarta,Pehuajó,Pehuajó,00738,ESCUELA ES N° 3,0208500090X,https://resultados.gob.ar/elecciones/1/60054/1/-1/-1/Buenos-Aires/Secci%C3%B3n-Cuarta/Pehuaj%C3%B3/Pehuaj%C3%B3/00738/ESCUELA-ES-N%C2%B0-3/0208500090X
Buenos Aires,Sección Cuarta,Pehuajó,Pehuajó,00738,ESCUELA ES N° 3,0208500091X,https://resultados.gob.ar/elecciones/1/60055/1/-1/-1/Buenos-Aires/Secci%C3%B3n-Cuarta/Pehuaj%C3%B3/Pehuaj%C3%B3/00738/ESCUELA-ES-N%C2%B0-3/0208500091X
Buenos Aires,Sección Cuarta,Pehuajó,Pehuajó,00738,ESCUELA ES N° 3,0208500092X,https://resultados.gob.ar/elecciones/1/60056/1/-1/-1/Buenos-Aires/Secci%C3%B3n-Cuarta/Pehuaj%C3%B3/Pehuaj%C3%B3/00738/ESCUELA-ES-N%C2%B0-3/0208500092X
Buenos Aires,Sección Cuarta,Pehuajó,Pehuajó,00738,ESCUELA ES N° 3,0208500093X,https://resultados.gob.ar/elecciones/1/60057/1/-1/-1/Buenos-Aires/Secci%C3%B3n-Cuarta/Pehuaj%C3%B3/Pehuaj%C3%B3/00738/ESCUELA-ES-N%C2%B0-3/0208500093X
Buenos Aires,Sección Cuarta,Pehuajó,Pehuajó,00738,ESCUELA ES N° 3,0208500094X,https://resultados.gob.ar/elecciones/1/60058/1/-1/-1/Buenos-Aires/Secci%C3%B3n-Cuarta/Pehuaj%C3%B3/Pehuaj%C3%B3/00738/ESCUELA-ES-N%C2%B0-3/0208500094X
Buenos Aires,Sección Cuarta,Pehuajó,Pehuajó,00739,ESCUELA EP N°16,0208500099X,https://resultados.gob.ar/elecciones/1/60063/1/-1/-1/Buenos-Aires/Secci%C3%B3n-Cuarta/Pehuaj%C3%B3/Pehuaj%C3%B3/00739/ESCUELA-EP-N%C2%B016/0208500099X
Buenos Aires,Sección Cuarta,Pehuajó,Pehuajó,00739,ESCUELA EP N°16,0208500100X,https://resultados.gob.ar/elecciones/1/60064/1/-1/-1/Buenos-Aires/Secci%C3%B3n-Cuarta/Pehuaj%C3%B3/Pehuaj%C3%B3/00739/ESCUELA-EP-N%C2%B016/0208500100X
Buenos Aires,Sección Cuarta,Pehuajó,Pehuajó,00739,ESCUELA EP N°16,0208500101X,https://resultados.gob.ar/elecciones/1/60065/1/-1/-1/Buenos-Aires/Secci%C3%B3n-Cuarta/Pehuaj%C3%B3/Pehuaj%C3%B3/00739/ESCUELA-EP-N%C2%B016/0208500101X
Buenos Aires,Sección Cuarta,Pehuajó,Pehuajó,00739,ESCUELA EP N°8,0208500096X,https://resultados.gob.ar/elecciones/1/60060/1/-1/-1/Buenos-Aires/Secci%C3%B3n-Cuarta/Pehuaj%C3%B3/Pehuaj%C3%B3/00739/ESCUELA-EP-N%C2%B08/0208500096X
Buenos Aires,Sección Cuarta,Pehuajó,Pehuajó,00739,ESCUELA EP N°8,0208500097X,https://resultados.gob.ar/elecciones/1/60061/1/-1/-1/Buenos-Aires/Secci%C3%B3n-Cuarta/Pehuaj%C3%B3/Pehuaj%C3%B3/00739/ESCUELA-EP-N%C2%B08/0208500097X
Buenos Aires,Sección Cuarta,Pehuajó,Pehuajó,00739,ESCUELA EP N°8,0208500098X,https://resultados.gob.ar/elecciones/1/60062/1/-1/-1/Buenos-Aires/Secci%C3%B3n-Cuarta/Pehuaj%C3%B3/Pehuaj%C3%B3/00739/ESCUELA-EP-N%C2%B08/0208500098X
Buenos Aires,Sección Cuarta,Pehuajó,Pehuajó,00740,ESCUELA EP N°7/ES N°11,0208500102X,https://resultados.gob.ar/elecciones/1/60066/1/-1/-1/Buenos-Aires/Secci%C3%B3n-Cuarta/Pehuaj%C3%B3/Pehuaj%C3%B3/00740/ESCUELA-EP-N%C2%B07%2FES-N%C2%B011/0208500102X
Buenos Aires,Sección Cuarta,Pehuajó,Pehuajó,00741,ESCUELA EP N°19/ ESCUELA DE EDUCACION ESPECIAL N°541 ANEXO,0208500103X,https://resultados.gob.ar/elecciones/1/60067/1/-1/-1/Buenos-Aires/Secci%C3%B3n-Cuarta/Pehuaj%C3%B3/Pehuaj%C3%B3/00741/ESCUELA-EP-N%C2%B019%2F-ESCUELA-DE-EDUCACION-ESPECIAL-N%C2%B0541-ANEXO/0208500103X
Buenos Aires,Sección Cuarta,Pehuajó,Pehuajó,00741,ESCUELA EP N°19/ ESCUELA DE EDUCACION ESPECIAL N°541 ANEXO,0208500104X,https://resultados.gob.ar/elecciones/1/60068/1/-1/-1/Buenos-Aires/Secci%C3%B3n-Cuarta/Pehuaj%C3%B3/Pehuaj%C3%B3/00741/ESCUELA-EP-N%C2%B019%2F-ESCUELA-DE-EDUCACION-ESPECIAL-N%C2%B0541-ANEXO/0208500104X
Buenos Aires,Sección Cuarta,Pehuajó,Pehuajó,00741,ESCUELA EP N°19/ ESCUELA DE EDUCACION ESPECIAL N°541 ANEXO,0208500105X,https://resultados.gob.ar/elecciones/1/60069/1/-1/-1/Buenos-Aires/Secci%C3%B3n-Cuarta/Pehuaj%C3%B3/Pehuaj%C3%B3/00741/ESCUELA-EP-N%C2%B019%2F-ESCUELA-DE-EDUCACION-ESPECIAL-N%C2%B0541-ANEXO/0208500105X
Buenos Aires,Sección Cuarta,Pehuajó,Pehuajó,00741,ESCUELA EP N°19/ ESCUELA DE EDUCACION ESPECIAL N°541 ANEXO,0208500106X,https://resultados.gob.ar/elecciones/1/60070/1/-1/-1/Buenos-Aires/Secci%C3%B3n-Cuarta/Pehuaj%C3%B3/Pehuaj%C3%B3/00741/ESCUELA-EP-N%C2%B019%2F-ESCUELA-DE-EDUCACION-ESPECIAL-N%C2%B0541-ANEXO/0208500106X
Buenos Aires,Sección Cuarta,Pehuajó,Pehuajó,00741,ESCUELA EP N°19/ ESCUELA DE EDUCACION ESPECIAL N°541 ANEXO,0208500107X,https://resultados.gob.ar/elecciones/1/60071/1/-1/-1/Buenos-Aires/Secci%C3%B3n-Cuarta/Pehuaj%C3%B3/Pehuaj%C3%B3/00741/ESCUELA-EP-N%C2%B019%2F-ESCUELA-DE-EDUCACION-ESPECIAL-N%C2%B0541-ANEXO/0208500107X
Buenos Aires,Sección Cuarta,Pehuajó,Pehuajó,0734A,ESCUELA EP N°3,0208500087X,https://resultados.gob.ar/elecciones/1/60051/1/-1/-1/Buenos-Aires/Secci%C3%B3n-Cuarta/Pehuaj%C3%B3/Pehuaj%C3%B3/0734A/ESCUELA-EP-N%C2%B03/0208500087X
