Buenos Aires,Sección Cuarta,Trenque Lauquen,Trenque Lauquen,00957,CENTRO DE FORMACION PROFESIONAL N°402,0211500066X,https://resultados.gob.ar/elecciones/1/67053/1/-1/-1/Buenos-Aires/Secci%C3%B3n-Cuarta/Trenque-Lauquen/Trenque-Lauquen/00957/CENTRO-DE-FORMACION-PROFESIONAL-N%C2%B0402/0211500066X
Buenos Aires,Sección Cuarta,Trenque Lauquen,Trenque Lauquen,00957,CENTRO DE FORMACION PROFESIONAL N°402,0211500067X,https://resultados.gob.ar/elecciones/1/67054/1/-1/-1/Buenos-Aires/Secci%C3%B3n-Cuarta/Trenque-Lauquen/Trenque-Lauquen/00957/CENTRO-DE-FORMACION-PROFESIONAL-N%C2%B0402/0211500067X
Buenos Aires,Sección Cuarta,Trenque Lauquen,Trenque Lauquen,00957,CENTRO DE FORMACION PROFESIONAL N°402,0211500068X,https://resultados.gob.ar/elecciones/1/67055/1/-1/-1/Buenos-Aires/Secci%C3%B3n-Cuarta/Trenque-Lauquen/Trenque-Lauquen/00957/CENTRO-DE-FORMACION-PROFESIONAL-N%C2%B0402/0211500068X
Buenos Aires,Sección Cuarta,Trenque Lauquen,Trenque Lauquen,00957,CENTRO DE FORMACION PROFESIONAL N°402,0211500069X,https://resultados.gob.ar/elecciones/1/67056/1/-1/-1/Buenos-Aires/Secci%C3%B3n-Cuarta/Trenque-Lauquen/Trenque-Lauquen/00957/CENTRO-DE-FORMACION-PROFESIONAL-N%C2%B0402/0211500069X
Buenos Aires,Sección Cuarta,Trenque Lauquen,Trenque Lauquen,00957,CENTRO DE FORMACION PROFESIONAL N°402,0211500070X,https://resultados.gob.ar/elecciones/1/67057/1/-1/-1/Buenos-Aires/Secci%C3%B3n-Cuarta/Trenque-Lauquen/Trenque-Lauquen/00957/CENTRO-DE-FORMACION-PROFESIONAL-N%C2%B0402/0211500070X
Buenos Aires,Sección Cuarta,Trenque Lauquen,Trenque Lauquen,00957,CTRO.EDUC.COMPLEMENTARIO N°801,0211500071X,https://resultados.gob.ar/elecciones/1/67058/1/-1/-1/Buenos-Aires/Secci%C3%B3n-Cuarta/Trenque-Lauquen/Trenque-Lauquen/00957/CTRO.EDUC.COMPLEMENTARIO-N%C2%B0801/0211500071X
Buenos Aires,Sección Cuarta,Trenque Lauquen,Trenque Lauquen,00957,CTRO.EDUC.COMPLEMENTARIO N°801,0211500072X,https://resultados.gob.ar/elecciones/1/67059/1/-1/-1/Buenos-Aires/Secci%C3%B3n-Cuarta/Trenque-Lauquen/Trenque-Lauquen/00957/CTRO.EDUC.COMPLEMENTARIO-N%C2%B0801/0211500072X
Buenos Aires,Sección Cuarta,Trenque Lauquen,Trenque Lauquen,00957,CTRO.EDUC.COMPLEMENTARIO N°801,0211500073X,https://resultados.gob.ar/elecciones/1/67060/1/-1/-1/Buenos-Aires/Secci%C3%B3n-Cuarta/Trenque-Lauquen/Trenque-Lauquen/00957/CTRO.EDUC.COMPLEMENTARIO-N%C2%B0801/0211500073X
Buenos Aires,Sección Cuarta,Trenque Lauquen,Trenque Lauquen,00957,CTRO.EDUC.COMPLEMENTARIO N°801,0211500074X,https://resultados.gob.ar/elecciones/1/67061/1/-1/-1/Buenos-Aires/Secci%C3%B3n-Cuarta/Trenque-Lauquen/Trenque-Lauquen/00957/CTRO.EDUC.COMPLEMENTARIO-N%C2%B0801/0211500074X
Buenos Aires,Sección Cuarta,Trenque Lauquen,Trenque Lauquen,00957,CTRO.EDUC.COMPLEMENTARIO N°801,0211500075X,https://resultados.gob.ar/elecciones/1/67062/1/-1/-1/Buenos-Aires/Secci%C3%B3n-Cuarta/Trenque-Lauquen/Trenque-Lauquen/00957/CTRO.EDUC.COMPLEMENTARIO-N%C2%B0801/0211500075X
Buenos Aires,Sección Cuarta,Trenque Lauquen,Trenque Lauquen,00957,ESCUELA EDUC.ESPECIAL N°501/502,0211500030X,https://resultados.gob.ar/elecciones/1/67017/1/-1/-1/Buenos-Aires/Secci%C3%B3n-Cuarta/Trenque-Lauquen/Trenque-Lauquen/00957/ESCUELA-EDUC.ESPECIAL-N%C2%B0501%2F502/0211500030X
Buenos Aires,Sección Cuarta,Trenque Lauquen,Trenque Lauquen,00957,ESCUELA EDUC.ESPECIAL N°501/502,0211500031X,https://resultados.gob.ar/elecciones/1/67018/1/-1/-1/Buenos-Aires/Secci%C3%B3n-Cuarta/Trenque-Lauquen/Trenque-Lauquen/00957/ESCUELA-EDUC.ESPECIAL-N%C2%B0501%2F502/0211500031X
Buenos Aires,Sección Cuarta,Trenque Lauquen,Trenque Lauquen,00957,ESCUELA EDUC.ESPECIAL N°501/502,0211500032X,https://resultados.gob.ar/elecciones/1/67019/1/-1/-1/Buenos-Aires/Secci%C3%B3n-Cuarta/Trenque-Lauquen/Trenque-Lauquen/00957/ESCUELA-EDUC.ESPECIAL-N%C2%B0501%2F502/0211500032X
Buenos Aires,Sección Cuarta,Trenque Lauquen,Trenque Lauquen,00957,ESCUELA EDUC.ESPECIAL N°501/502,0211500033X,https://resultados.gob.ar/elecciones/1/67020/1/-1/-1/Buenos-Aires/Secci%C3%B3n-Cuarta/Trenque-Lauquen/Trenque-Lauquen/00957/ESCUELA-EDUC.ESPECIAL-N%C2%B0501%2F502/0211500033X
Buenos Aires,Sección Cuarta,Trenque Lauquen,Trenque Lauquen,00957,ESCUELA EDUC.ESPECIAL N°501/502,0211500034X,https://resultados.gob.ar/elecciones/1/67021/1/-1/-1/Buenos-Aires/Secci%C3%B3n-Cuarta/Trenque-Lauquen/Trenque-Lauquen/00957/ESCUELA-EDUC.ESPECIAL-N%C2%B0501%2F502/0211500034X
Buenos Aires,Sección Cuarta,Trenque Lauquen,Trenque Lauquen,00957,ESCUELA EDUC.ESPECIAL N°501/502,0211500035X,https://resultados.gob.ar/elecciones/1/67022/1/-1/-1/Buenos-Aires/Secci%C3%B3n-Cuarta/Trenque-Lauquen/Trenque-Lauquen/00957/ESCUELA-EDUC.ESPECIAL-N%C2%B0501%2F502/0211500035X
Buenos Aires,Sección Cuarta,Trenque Lauquen,Trenque Lauquen,00957,ESCUELA EDUC.ESPECIAL N°501/502,0211500036X,https://resultados.gob.ar/elecciones/1/67023/1/-1/-1/Buenos-Aires/Secci%C3%B3n-Cuarta/Trenque-Lauquen/Trenque-Lauquen/00957/ESCUELA-EDUC.ESPECIAL-N%C2%B0501%2F502/0211500036X
Buenos Aires,Sección Cuarta,Trenque Lauquen,Trenque Lauquen,00957,ESCUELA EDUC.ESPECIAL N°501/502,0211500037X,https://resultados.gob.ar/elecciones/1/67024/1/-1/-1/Buenos-Aires/Secci%C3%B3n-Cuarta/Trenque-Lauquen/Trenque-Lauquen/00957/ESCUELA-EDUC.ESPECIAL-N%C2%B0501%2F502/0211500037X
Buenos Aires,Sección Cuarta,Trenque Lauquen,Trenque Lauquen,00957,ESCUELA EDUC.ESPECIAL N°501/502,0211500038X,https://resultados.gob.ar/elecciones/1/67025/1/-1/-1/Buenos-Aires/Secci%C3%B3n-Cuarta/Trenque-Lauquen/Trenque-Lauquen/00957/ESCUELA-EDUC.ESPECIAL-N%C2%B0501%2F502/0211500038X
Buenos Aires,Sección Cuarta,Trenque Lauquen,Trenque Lauquen,00957,ESCUELA EP N°1,0211500082X,https://resultados.gob.ar/elecciones/1/67069/1/-1/-1/Buenos-Aires/Secci%C3%B3n-Cuarta/Trenque-Lauquen/Trenque-Lauquen/00957/ESCUELA-EP-N%C2%B01/0211500082X
Buenos Aires,Sección Cuarta,Trenque Lauquen,Trenque Lauquen,00957,ESCUELA EP N°1,0211500083X,https://resultados.gob.ar/elecciones/1/67070/1/-1/-1/Buenos-Aires/Secci%C3%B3n-Cuarta/Trenque-Lauquen/Trenque-Lauquen/00957/ESCUELA-EP-N%C2%B01/0211500083X
Buenos Aires,Sección Cuarta,Trenque Lauquen,Trenque Lauquen,00957,ESCUELA EP N°1,0211500084X,https://resultados.gob.ar/elecciones/1/67071/1/-1/-1/Buenos-Aires/Secci%C3%B3n-Cuarta/Trenque-Lauquen/Trenque-Lauquen/00957/ESCUELA-EP-N%C2%B01/0211500084X
Buenos Aires,Sección Cuarta,Trenque Lauquen,Trenque Lauquen,00957,ESCUELA EP N°1,0211500085X,https://resultados.gob.ar/elecciones/1/67072/1/-1/-1/Buenos-Aires/Secci%C3%B3n-Cuarta/Trenque-Lauquen/Trenque-Lauquen/00957/ESCUELA-EP-N%C2%B01/0211500085X
Buenos Aires,Sección Cuarta,Trenque Lauquen,Trenque Lauquen,00957,ESCUELA EP N°1,0211500086X,https://resultados.gob.ar/elecciones/1/67073/1/-1/-1/Buenos-Aires/Secci%C3%B3n-Cuarta/Trenque-Lauquen/Trenque-Lauquen/00957/ESCUELA-EP-N%C2%B01/0211500086X
Buenos Aires,Sección Cuarta,Trenque Lauquen,Trenque Lauquen,00957,ESCUELA EP N°1,0211500087X,https://resultados.gob.ar/elecciones/1/67074/1/-1/-1/Buenos-Aires/Secci%C3%B3n-Cuarta/Trenque-Lauquen/Trenque-Lauquen/00957/ESCUELA-EP-N%C2%B01/0211500087X
Buenos Aires,Sección Cuarta,Trenque Lauquen,Trenque Lauquen,00957,ESCUELA EP N°1,0211500088X,https://resultados.gob.ar/elecciones/1/67075/1/-1/-1/Buenos-Aires/Secci%C3%B3n-Cuarta/Trenque-Lauquen/Trenque-Lauquen/00957/ESCUELA-EP-N%C2%B01/0211500088X
Buenos Aires,Sección Cuarta,Trenque Lauquen,Trenque Lauquen,00957,ESCUELA EP N°1,0211500089X,https://resultados.gob.ar/elecciones/1/67076/1/-1/-1/Buenos-Aires/Secci%C3%B3n-Cuarta/Trenque-Lauquen/Trenque-Lauquen/00957/ESCUELA-EP-N%C2%B01/0211500089X
Buenos Aires,Sección Cuarta,Trenque Lauquen,Trenque Lauquen,00957,ESCUELA EP N°1,0211500090X,https://resultados.gob.ar/elecciones/1/67077/1/-1/-1/Buenos-Aires/Secci%C3%B3n-Cuarta/Trenque-Lauquen/Trenque-Lauquen/00957/ESCUELA-EP-N%C2%B01/0211500090X
Buenos Aires,Sección Cuarta,Trenque Lauquen,Trenque Lauquen,00957,ESCUELA EP N°2,0211500013X,https://resultados.gob.ar/elecciones/1/67000/1/-1/-1/Buenos-Aires/Secci%C3%B3n-Cuarta/Trenque-Lauquen/Trenque-Lauquen/00957/ESCUELA-EP-N%C2%B02/0211500013X
Buenos Aires,Sección Cuarta,Trenque Lauquen,Trenque Lauquen,00957,ESCUELA EP N°2,0211500014X,https://resultados.gob.ar/elecciones/1/67001/1/-1/-1/Buenos-Aires/Secci%C3%B3n-Cuarta/Trenque-Lauquen/Trenque-Lauquen/00957/ESCUELA-EP-N%C2%B02/0211500014X
Buenos Aires,Sección Cuarta,Trenque Lauquen,Trenque Lauquen,00957,ESCUELA EP N°2,0211500015X,https://resultados.gob.ar/elecciones/1/67002/1/-1/-1/Buenos-Aires/Secci%C3%B3n-Cuarta/Trenque-Lauquen/Trenque-Lauquen/00957/ESCUELA-EP-N%C2%B02/0211500015X
Buenos Aires,Sección Cuarta,Trenque Lauquen,Trenque Lauquen,00957,ESCUELA EP N°2,0211500016X,https://resultados.gob.ar/elecciones/1/67003/1/-1/-1/Buenos-Aires/Secci%C3%B3n-Cuarta/Trenque-Lauquen/Trenque-Lauquen/00957/ESCUELA-EP-N%C2%B02/0211500016X
Buenos Aires,Sección Cuarta,Trenque Lauquen,Trenque Lauquen,00957,ESCUELA EP N°2,0211500017X,https://resultados.gob.ar/elecciones/1/67004/1/-1/-1/Buenos-Aires/Secci%C3%B3n-Cuarta/Trenque-Lauquen/Trenque-Lauquen/00957/ESCUELA-EP-N%C2%B02/0211500017X
Buenos Aires,Sección Cuarta,Trenque Lauquen,Trenque Lauquen,00957,ESCUELA EP N°2,0211500018X,https://resultados.gob.ar/elecciones/1/67005/1/-1/-1/Buenos-Aires/Secci%C3%B3n-Cuarta/Trenque-Lauquen/Trenque-Lauquen/00957/ESCUELA-EP-N%C2%B02/0211500018X
Buenos Aires,Sección Cuarta,Trenque Lauquen,Trenque Lauquen,00957,ESCUELA EP N°2,0211500019X,https://resultados.gob.ar/elecciones/1/67006/1/-1/-1/Buenos-Aires/Secci%C3%B3n-Cuarta/Trenque-Lauquen/Trenque-Lauquen/00957/ESCUELA-EP-N%C2%B02/0211500019X
Buenos Aires,Sección Cuarta,Trenque Lauquen,Trenque Lauquen,00957,ESCUELA EP N°2,0211500020X,https://resultados.gob.ar/elecciones/1/67007/1/-1/-1/Buenos-Aires/Secci%C3%B3n-Cuarta/Trenque-Lauquen/Trenque-Lauquen/00957/ESCUELA-EP-N%C2%B02/0211500020X
Buenos Aires,Sección Cuarta,Trenque Lauquen,Trenque Lauquen,00957,ESCUELA EP N°2,0211500021X,https://resultados.gob.ar/elecciones/1/67008/1/-1/-1/Buenos-Aires/Secci%C3%B3n-Cuarta/Trenque-Lauquen/Trenque-Lauquen/00957/ESCUELA-EP-N%C2%B02/0211500021X
Buenos Aires,Sección Cuarta,Trenque Lauquen,Trenque Lauquen,00957,ESCUELA EP N°47,0211500001X,https://resultados.gob.ar/elecciones/1/66988/1/-1/-1/Buenos-Aires/Secci%C3%B3n-Cuarta/Trenque-Lauquen/Trenque-Lauquen/00957/ESCUELA-EP-N%C2%B047/0211500001X
Buenos Aires,Sección Cuarta,Trenque Lauquen,Trenque Lauquen,00957,ESCUELA EP N°47,0211500002X,https://resultados.gob.ar/elecciones/1/66989/1/-1/-1/Buenos-Aires/Secci%C3%B3n-Cuarta/Trenque-Lauquen/Trenque-Lauquen/00957/ESCUELA-EP-N%C2%B047/0211500002X
Buenos Aires,Sección Cuarta,Trenque Lauquen,Trenque Lauquen,00957,ESCUELA EP N°47,0211500003X,https://resultados.gob.ar/elecciones/1/66990/1/-1/-1/Buenos-Aires/Secci%C3%B3n-Cuarta/Trenque-Lauquen/Trenque-Lauquen/00957/ESCUELA-EP-N%C2%B047/0211500003X
Buenos Aires,Sección Cuarta,Trenque Lauquen,Trenque Lauquen,00957,ESCUELA EP N°47,0211500004X,https://resultados.gob.ar/elecciones/1/66991/1/-1/-1/Buenos-Aires/Secci%C3%B3n-Cuarta/Trenque-Lauquen/Trenque-Lauquen/00957/ESCUELA-EP-N%C2%B047/0211500004X
Buenos Aires,Sección Cuarta,Trenque Lauquen,Trenque Lauquen,00957,ESCUELA EP N°48/ ES N°10,0211500076X,https://resultados.gob.ar/elecciones/1/67063/1/-1/-1/Buenos-Aires/Secci%C3%B3n-Cuarta/Trenque-Lauquen/Trenque-Lauquen/00957/ESCUELA-EP-N%C2%B048%2F-ES-N%C2%B010/0211500076X
Buenos Aires,Sección Cuarta,Trenque Lauquen,Trenque Lauquen,00957,ESCUELA EP N°48/ ES N°10,0211500077X,https://resultados.gob.ar/elecciones/1/67064/1/-1/-1/Buenos-Aires/Secci%C3%B3n-Cuarta/Trenque-Lauquen/Trenque-Lauquen/00957/ESCUELA-EP-N%C2%B048%2F-ES-N%C2%B010/0211500077X
Buenos Aires,Sección Cuarta,Trenque Lauquen,Trenque Lauquen,00957,ESCUELA EP N°48/ ES N°10,0211500078X,https://resultados.gob.ar/elecciones/1/67065/1/-1/-1/Buenos-Aires/Secci%C3%B3n-Cuarta/Trenque-Lauquen/Trenque-Lauquen/00957/ESCUELA-EP-N%C2%B048%2F-ES-N%C2%B010/0211500078X
Buenos Aires,Sección Cuarta,Trenque Lauquen,Trenque Lauquen,00957,ESCUELA EP N°48/ ES N°10,0211500079X,https://resultados.gob.ar/elecciones/1/67066/1/-1/-1/Buenos-Aires/Secci%C3%B3n-Cuarta/Trenque-Lauquen/Trenque-Lauquen/00957/ESCUELA-EP-N%C2%B048%2F-ES-N%C2%B010/0211500079X
Buenos Aires,Sección Cuarta,Trenque Lauquen,Trenque Lauquen,00957,ESCUELA EP N°48/ ES N°10,0211500080X,https://resultados.gob.ar/elecciones/1/67067/1/-1/-1/Buenos-Aires/Secci%C3%B3n-Cuarta/Trenque-Lauquen/Trenque-Lauquen/00957/ESCUELA-EP-N%C2%B048%2F-ES-N%C2%B010/0211500080X
Buenos Aires,Sección Cuarta,Trenque Lauquen,Trenque Lauquen,00957,ESCUELA EP N°48/ ES N°10,0211500081X,https://resultados.gob.ar/elecciones/1/67068/1/-1/-1/Buenos-Aires/Secci%C3%B3n-Cuarta/Trenque-Lauquen/Trenque-Lauquen/00957/ESCUELA-EP-N%C2%B048%2F-ES-N%C2%B010/0211500081X
Buenos Aires,Sección Cuarta,Trenque Lauquen,Trenque Lauquen,00957,ESCUELA EP N°5,0211500022X,https://resultados.gob.ar/elecciones/1/67009/1/-1/-1/Buenos-Aires/Secci%C3%B3n-Cuarta/Trenque-Lauquen/Trenque-Lauquen/00957/ESCUELA-EP-N%C2%B05/0211500022X
Buenos Aires,Sección Cuarta,Trenque Lauquen,Trenque Lauquen,00957,ESCUELA EP N°5,0211500023X,https://resultados.gob.ar/elecciones/1/67010/1/-1/-1/Buenos-Aires/Secci%C3%B3n-Cuarta/Trenque-Lauquen/Trenque-Lauquen/00957/ESCUELA-EP-N%C2%B05/0211500023X
Buenos Aires,Sección Cuarta,Trenque Lauquen,Trenque Lauquen,00957,ESCUELA EP N°5,0211500024X,https://resultados.gob.ar/elecciones/1/67011/1/-1/-1/Buenos-Aires/Secci%C3%B3n-Cuarta/Trenque-Lauquen/Trenque-Lauquen/00957/ESCUELA-EP-N%C2%B05/0211500024X
Buenos Aires,Sección Cuarta,Trenque Lauquen,Trenque Lauquen,00957,ESCUELA EP N°5,0211500025X,https://resultados.gob.ar/elecciones/1/67012/1/-1/-1/Buenos-Aires/Secci%C3%B3n-Cuarta/Trenque-Lauquen/Trenque-Lauquen/00957/ESCUELA-EP-N%C2%B05/0211500025X
Buenos Aires,Sección Cuarta,Trenque Lauquen,Trenque Lauquen,00957,ESCUELA EP N°5,0211500026X,https://resultados.gob.ar/elecciones/1/67013/1/-1/-1/Buenos-Aires/Secci%C3%B3n-Cuarta/Trenque-Lauquen/Trenque-Lauquen/00957/ESCUELA-EP-N%C2%B05/0211500026X
Buenos Aires,Sección Cuarta,Trenque Lauquen,Trenque Lauquen,00957,ESCUELA EP N°5,0211500027X,https://resultados.gob.ar/elecciones/1/67014/1/-1/-1/Buenos-Aires/Secci%C3%B3n-Cuarta/Trenque-Lauquen/Trenque-Lauquen/00957/ESCUELA-EP-N%C2%B05/0211500027X
Buenos Aires,Sección Cuarta,Trenque Lauquen,Trenque Lauquen,00957,ESCUELA EP N°5,0211500028X,https://resultados.gob.ar/elecciones/1/67015/1/-1/-1/Buenos-Aires/Secci%C3%B3n-Cuarta/Trenque-Lauquen/Trenque-Lauquen/00957/ESCUELA-EP-N%C2%B05/0211500028X
Buenos Aires,Sección Cuarta,Trenque Lauquen,Trenque Lauquen,00957,ESCUELA EP N°5,0211500029X,https://resultados.gob.ar/elecciones/1/67016/1/-1/-1/Buenos-Aires/Secci%C3%B3n-Cuarta/Trenque-Lauquen/Trenque-Lauquen/00957/ESCUELA-EP-N%C2%B05/0211500029X
Buenos Aires,Sección Cuarta,Trenque Lauquen,Trenque Lauquen,00957,ESCUELA EP N°8,0211500056X,https://resultados.gob.ar/elecciones/1/67043/1/-1/-1/Buenos-Aires/Secci%C3%B3n-Cuarta/Trenque-Lauquen/Trenque-Lauquen/00957/ESCUELA-EP-N%C2%B08/0211500056X
Buenos Aires,Sección Cuarta,Trenque Lauquen,Trenque Lauquen,00957,ESCUELA EP N°8,0211500057X,https://resultados.gob.ar/elecciones/1/67044/1/-1/-1/Buenos-Aires/Secci%C3%B3n-Cuarta/Trenque-Lauquen/Trenque-Lauquen/00957/ESCUELA-EP-N%C2%B08/0211500057X
Buenos Aires,Sección Cuarta,Trenque Lauquen,Trenque Lauquen,00957,ESCUELA EP N°8,0211500058X,https://resultados.gob.ar/elecciones/1/67045/1/-1/-1/Buenos-Aires/Secci%C3%B3n-Cuarta/Trenque-Lauquen/Trenque-Lauquen/00957/ESCUELA-EP-N%C2%B08/0211500058X
Buenos Aires,Sección Cuarta,Trenque Lauquen,Trenque Lauquen,00957,ESCUELA EP N°8,0211500059X,https://resultados.gob.ar/elecciones/1/67046/1/-1/-1/Buenos-Aires/Secci%C3%B3n-Cuarta/Trenque-Lauquen/Trenque-Lauquen/00957/ESCUELA-EP-N%C2%B08/0211500059X
Buenos Aires,Sección Cuarta,Trenque Lauquen,Trenque Lauquen,00957,ESCUELA EP N°8,0211500060X,https://resultados.gob.ar/elecciones/1/67047/1/-1/-1/Buenos-Aires/Secci%C3%B3n-Cuarta/Trenque-Lauquen/Trenque-Lauquen/00957/ESCUELA-EP-N%C2%B08/0211500060X
Buenos Aires,Sección Cuarta,Trenque Lauquen,Trenque Lauquen,00957,ESCUELA EP N°8,0211500061X,https://resultados.gob.ar/elecciones/1/67048/1/-1/-1/Buenos-Aires/Secci%C3%B3n-Cuarta/Trenque-Lauquen/Trenque-Lauquen/00957/ESCUELA-EP-N%C2%B08/0211500061X
Buenos Aires,Sección Cuarta,Trenque Lauquen,Trenque Lauquen,00957,ESCUELA ES N 11,0211500097X,https://resultados.gob.ar/elecciones/1/67084/1/-1/-1/Buenos-Aires/Secci%C3%B3n-Cuarta/Trenque-Lauquen/Trenque-Lauquen/00957/ESCUELA-ES-N-11/0211500097X
Buenos Aires,Sección Cuarta,Trenque Lauquen,Trenque Lauquen,00957,ESCUELA ES N 11,0211500098X,https://resultados.gob.ar/elecciones/1/67085/1/-1/-1/Buenos-Aires/Secci%C3%B3n-Cuarta/Trenque-Lauquen/Trenque-Lauquen/00957/ESCUELA-ES-N-11/0211500098X
Buenos Aires,Sección Cuarta,Trenque Lauquen,Trenque Lauquen,00957,ESCUELA ES N 11,0211500099X,https://resultados.gob.ar/elecciones/1/67086/1/-1/-1/Buenos-Aires/Secci%C3%B3n-Cuarta/Trenque-Lauquen/Trenque-Lauquen/00957/ESCUELA-ES-N-11/0211500099X
Buenos Aires,Sección Cuarta,Trenque Lauquen,Trenque Lauquen,00957,ESCUELA ES N 11,0211500100X,https://resultados.gob.ar/elecciones/1/67087/1/-1/-1/Buenos-Aires/Secci%C3%B3n-Cuarta/Trenque-Lauquen/Trenque-Lauquen/00957/ESCUELA-ES-N-11/0211500100X
Buenos Aires,Sección Cuarta,Trenque Lauquen,Trenque Lauquen,00957,ESCUELA ES N 11,0211500101X,https://resultados.gob.ar/elecciones/1/67088/1/-1/-1/Buenos-Aires/Secci%C3%B3n-Cuarta/Trenque-Lauquen/Trenque-Lauquen/00957/ESCUELA-ES-N-11/0211500101X
Buenos Aires,Sección Cuarta,Trenque Lauquen,Trenque Lauquen,00957,ESCUELA ES N°3/ES N°2,0211500047X,https://resultados.gob.ar/elecciones/1/67034/1/-1/-1/Buenos-Aires/Secci%C3%B3n-Cuarta/Trenque-Lauquen/Trenque-Lauquen/00957/ESCUELA-ES-N%C2%B03%2FES-N%C2%B02/0211500047X
Buenos Aires,Sección Cuarta,Trenque Lauquen,Trenque Lauquen,00957,ESCUELA ES N°3/ES N°2,0211500048X,https://resultados.gob.ar/elecciones/1/67035/1/-1/-1/Buenos-Aires/Secci%C3%B3n-Cuarta/Trenque-Lauquen/Trenque-Lauquen/00957/ESCUELA-ES-N%C2%B03%2FES-N%C2%B02/0211500048X
Buenos Aires,Sección Cuarta,Trenque Lauquen,Trenque Lauquen,00957,ESCUELA ES N°3/ES N°2,0211500049X,https://resultados.gob.ar/elecciones/1/67036/1/-1/-1/Buenos-Aires/Secci%C3%B3n-Cuarta/Trenque-Lauquen/Trenque-Lauquen/00957/ESCUELA-ES-N%C2%B03%2FES-N%C2%B02/0211500049X
Buenos Aires,Sección Cuarta,Trenque Lauquen,Trenque Lauquen,00957,ESCUELA ES N°3/ES N°2,0211500050X,https://resultados.gob.ar/elecciones/1/67037/1/-1/-1/Buenos-Aires/Secci%C3%B3n-Cuarta/Trenque-Lauquen/Trenque-Lauquen/00957/ESCUELA-ES-N%C2%B03%2FES-N%C2%B02/0211500050X
Buenos Aires,Sección Cuarta,Trenque Lauquen,Trenque Lauquen,00957,ESCUELA ES N°3/ES N°2,0211500051X,https://resultados.gob.ar/elecciones/1/67038/1/-1/-1/Buenos-Aires/Secci%C3%B3n-Cuarta/Trenque-Lauquen/Trenque-Lauquen/00957/ESCUELA-ES-N%C2%B03%2FES-N%C2%B02/0211500051X
Buenos Aires,Sección Cuarta,Trenque Lauquen,Trenque Lauquen,00957,ESCUELA ES N°3/ES N°2,0211500052X,https://resultados.gob.ar/elecciones/1/67039/1/-1/-1/Buenos-Aires/Secci%C3%B3n-Cuarta/Trenque-Lauquen/Trenque-Lauquen/00957/ESCUELA-ES-N%C2%B03%2FES-N%C2%B02/0211500052X
Buenos Aires,Sección Cuarta,Trenque Lauquen,Trenque Lauquen,00957,ESCUELA ES N°3/ES N°2,0211500053X,https://resultados.gob.ar/elecciones/1/67040/1/-1/-1/Buenos-Aires/Secci%C3%B3n-Cuarta/Trenque-Lauquen/Trenque-Lauquen/00957/ESCUELA-ES-N%C2%B03%2FES-N%C2%B02/0211500053X
Buenos Aires,Sección Cuarta,Trenque Lauquen,Trenque Lauquen,00957,ESCUELA ES N°3/ES N°2,0211500054X,https://resultados.gob.ar/elecciones/1/67041/1/-1/-1/Buenos-Aires/Secci%C3%B3n-Cuarta/Trenque-Lauquen/Trenque-Lauquen/00957/ESCUELA-ES-N%C2%B03%2FES-N%C2%B02/0211500054X
Buenos Aires,Sección Cuarta,Trenque Lauquen,Trenque Lauquen,00957,ESCUELA ES N°3/ES N°2,0211500055X,https://resultados.gob.ar/elecciones/1/67042/1/-1/-1/Buenos-Aires/Secci%C3%B3n-Cuarta/Trenque-Lauquen/Trenque-Lauquen/00957/ESCUELA-ES-N%C2%B03%2FES-N%C2%B02/0211500055X
Buenos Aires,Sección Cuarta,Trenque Lauquen,Trenque Lauquen,00957,ESCUELA ES N°8,0211500091X,https://resultados.gob.ar/elecciones/1/67078/1/-1/-1/Buenos-Aires/Secci%C3%B3n-Cuarta/Trenque-Lauquen/Trenque-Lauquen/00957/ESCUELA-ES-N%C2%B08/0211500091X
Buenos Aires,Sección Cuarta,Trenque Lauquen,Trenque Lauquen,00957,ESCUELA ES N°8,0211500092X,https://resultados.gob.ar/elecciones/1/67079/1/-1/-1/Buenos-Aires/Secci%C3%B3n-Cuarta/Trenque-Lauquen/Trenque-Lauquen/00957/ESCUELA-ES-N%C2%B08/0211500092X
Buenos Aires,Sección Cuarta,Trenque Lauquen,Trenque Lauquen,00957,ESCUELA ES N°8,0211500093X,https://resultados.gob.ar/elecciones/1/67080/1/-1/-1/Buenos-Aires/Secci%C3%B3n-Cuarta/Trenque-Lauquen/Trenque-Lauquen/00957/ESCUELA-ES-N%C2%B08/0211500093X
Buenos Aires,Sección Cuarta,Trenque Lauquen,Trenque Lauquen,00957,ESCUELA ES N°8,0211500094X,https://resultados.gob.ar/elecciones/1/67081/1/-1/-1/Buenos-Aires/Secci%C3%B3n-Cuarta/Trenque-Lauquen/Trenque-Lauquen/00957/ESCUELA-ES-N%C2%B08/0211500094X
Buenos Aires,Sección Cuarta,Trenque Lauquen,Trenque Lauquen,00957,ESCUELA ES N°8,0211500095X,https://resultados.gob.ar/elecciones/1/67082/1/-1/-1/Buenos-Aires/Secci%C3%B3n-Cuarta/Trenque-Lauquen/Trenque-Lauquen/00957/ESCUELA-ES-N%C2%B08/0211500095X
Buenos Aires,Sección Cuarta,Trenque Lauquen,Trenque Lauquen,00957,ESCUELA ES N°8,0211500096X,https://resultados.gob.ar/elecciones/1/67083/1/-1/-1/Buenos-Aires/Secci%C3%B3n-Cuarta/Trenque-Lauquen/Trenque-Lauquen/00957/ESCUELA-ES-N%C2%B08/0211500096X
Buenos Aires,Sección Cuarta,Trenque Lauquen,Trenque Lauquen,00957,ESCUELA EST N°1,0211500005X,https://resultados.gob.ar/elecciones/1/66992/1/-1/-1/Buenos-Aires/Secci%C3%B3n-Cuarta/Trenque-Lauquen/Trenque-Lauquen/00957/ESCUELA-EST-N%C2%B01/0211500005X
Buenos Aires,Sección Cuarta,Trenque Lauquen,Trenque Lauquen,00957,ESCUELA EST N°1,0211500006X,https://resultados.gob.ar/elecciones/1/66993/1/-1/-1/Buenos-Aires/Secci%C3%B3n-Cuarta/Trenque-Lauquen/Trenque-Lauquen/00957/ESCUELA-EST-N%C2%B01/0211500006X
Buenos Aires,Sección Cuarta,Trenque Lauquen,Trenque Lauquen,00957,ESCUELA EST N°1,0211500007X,https://resultados.gob.ar/elecciones/1/66994/1/-1/-1/Buenos-Aires/Secci%C3%B3n-Cuarta/Trenque-Lauquen/Trenque-Lauquen/00957/ESCUELA-EST-N%C2%B01/0211500007X
Buenos Aires,Sección Cuarta,Trenque Lauquen,Trenque Lauquen,00957,ESCUELA EST N°1,0211500008X,https://resultados.gob.ar/elecciones/1/66995/1/-1/-1/Buenos-Aires/Secci%C3%B3n-Cuarta/Trenque-Lauquen/Trenque-Lauquen/00957/ESCUELA-EST-N%C2%B01/0211500008X
Buenos Aires,Sección Cuarta,Trenque Lauquen,Trenque Lauquen,00957,ESCUELA EST N°1,0211500009X,https://resultados.gob.ar/elecciones/1/66996/1/-1/-1/Buenos-Aires/Secci%C3%B3n-Cuarta/Trenque-Lauquen/Trenque-Lauquen/00957/ESCUELA-EST-N%C2%B01/0211500009X
Buenos Aires,Sección Cuarta,Trenque Lauquen,Trenque Lauquen,00957,ESCUELA EST N°1,0211500010X,https://resultados.gob.ar/elecciones/1/66997/1/-1/-1/Buenos-Aires/Secci%C3%B3n-Cuarta/Trenque-Lauquen/Trenque-Lauquen/00957/ESCUELA-EST-N%C2%B01/0211500010X
Buenos Aires,Sección Cuarta,Trenque Lauquen,Trenque Lauquen,00957,ESCUELA EST N°1,0211500011X,https://resultados.gob.ar/elecciones/1/66998/1/-1/-1/Buenos-Aires/Secci%C3%B3n-Cuarta/Trenque-Lauquen/Trenque-Lauquen/00957/ESCUELA-EST-N%C2%B01/0211500011X
Buenos Aires,Sección Cuarta,Trenque Lauquen,Trenque Lauquen,00957,ESCUELA EST N°1,0211500012X,https://resultados.gob.ar/elecciones/1/66999/1/-1/-1/Buenos-Aires/Secci%C3%B3n-Cuarta/Trenque-Lauquen/Trenque-Lauquen/00957/ESCUELA-EST-N%C2%B01/0211500012X
Buenos Aires,Sección Cuarta,Trenque Lauquen,Trenque Lauquen,00957,ESCUELA MUNIC.DE FORM.LABORAL,0211500062X,https://resultados.gob.ar/elecciones/1/67049/1/-1/-1/Buenos-Aires/Secci%C3%B3n-Cuarta/Trenque-Lauquen/Trenque-Lauquen/00957/ESCUELA-MUNIC.DE-FORM.LABORAL/0211500062X
Buenos Aires,Sección Cuarta,Trenque Lauquen,Trenque Lauquen,00957,ESCUELA MUNIC.DE FORM.LABORAL,0211500063X,https://resultados.gob.ar/elecciones/1/67050/1/-1/-1/Buenos-Aires/Secci%C3%B3n-Cuarta/Trenque-Lauquen/Trenque-Lauquen/00957/ESCUELA-MUNIC.DE-FORM.LABORAL/0211500063X
Buenos Aires,Sección Cuarta,Trenque Lauquen,Trenque Lauquen,00957,ESCUELA MUNIC.DE FORM.LABORAL,0211500064X,https://resultados.gob.ar/elecciones/1/67051/1/-1/-1/Buenos-Aires/Secci%C3%B3n-Cuarta/Trenque-Lauquen/Trenque-Lauquen/00957/ESCUELA-MUNIC.DE-FORM.LABORAL/0211500064X
Buenos Aires,Sección Cuarta,Trenque Lauquen,Trenque Lauquen,00957,ESCUELA MUNIC.DE FORM.LABORAL,0211500065X,https://resultados.gob.ar/elecciones/1/67052/1/-1/-1/Buenos-Aires/Secci%C3%B3n-Cuarta/Trenque-Lauquen/Trenque-Lauquen/00957/ESCUELA-MUNIC.DE-FORM.LABORAL/0211500065X
Buenos Aires,Sección Cuarta,Trenque Lauquen,Trenque Lauquen,00957,INSTITUTO NTRA.SRA.DEL ROSARIO,0211500039X,https://resultados.gob.ar/elecciones/1/67026/1/-1/-1/Buenos-Aires/Secci%C3%B3n-Cuarta/Trenque-Lauquen/Trenque-Lauquen/00957/INSTITUTO-NTRA.SRA.DEL-ROSARIO/0211500039X
Buenos Aires,Sección Cuarta,Trenque Lauquen,Trenque Lauquen,00957,INSTITUTO NTRA.SRA.DEL ROSARIO,0211500040X,https://resultados.gob.ar/elecciones/1/67027/1/-1/-1/Buenos-Aires/Secci%C3%B3n-Cuarta/Trenque-Lauquen/Trenque-Lauquen/00957/INSTITUTO-NTRA.SRA.DEL-ROSARIO/0211500040X
Buenos Aires,Sección Cuarta,Trenque Lauquen,Trenque Lauquen,00957,INSTITUTO NTRA.SRA.DEL ROSARIO,0211500041X,https://resultados.gob.ar/elecciones/1/67028/1/-1/-1/Buenos-Aires/Secci%C3%B3n-Cuarta/Trenque-Lauquen/Trenque-Lauquen/00957/INSTITUTO-NTRA.SRA.DEL-ROSARIO/0211500041X
Buenos Aires,Sección Cuarta,Trenque Lauquen,Trenque Lauquen,00957,INSTITUTO NTRA.SRA.DEL ROSARIO,0211500042X,https://resultados.gob.ar/elecciones/1/67029/1/-1/-1/Buenos-Aires/Secci%C3%B3n-Cuarta/Trenque-Lauquen/Trenque-Lauquen/00957/INSTITUTO-NTRA.SRA.DEL-ROSARIO/0211500042X
Buenos Aires,Sección Cuarta,Trenque Lauquen,Trenque Lauquen,00957,INSTITUTO NTRA.SRA.DEL ROSARIO,0211500043X,https://resultados.gob.ar/elecciones/1/67030/1/-1/-1/Buenos-Aires/Secci%C3%B3n-Cuarta/Trenque-Lauquen/Trenque-Lauquen/00957/INSTITUTO-NTRA.SRA.DEL-ROSARIO/0211500043X
Buenos Aires,Sección Cuarta,Trenque Lauquen,Trenque Lauquen,00957,INSTITUTO NTRA.SRA.DEL ROSARIO,0211500044X,https://resultados.gob.ar/elecciones/1/67031/1/-1/-1/Buenos-Aires/Secci%C3%B3n-Cuarta/Trenque-Lauquen/Trenque-Lauquen/00957/INSTITUTO-NTRA.SRA.DEL-ROSARIO/0211500044X
Buenos Aires,Sección Cuarta,Trenque Lauquen,Trenque Lauquen,00957,INSTITUTO NTRA.SRA.DEL ROSARIO,0211500045X,https://resultados.gob.ar/elecciones/1/67032/1/-1/-1/Buenos-Aires/Secci%C3%B3n-Cuarta/Trenque-Lauquen/Trenque-Lauquen/00957/INSTITUTO-NTRA.SRA.DEL-ROSARIO/0211500045X
Buenos Aires,Sección Cuarta,Trenque Lauquen,Trenque Lauquen,00957,INSTITUTO NTRA.SRA.DEL ROSARIO,0211500046X,https://resultados.gob.ar/elecciones/1/67033/1/-1/-1/Buenos-Aires/Secci%C3%B3n-Cuarta/Trenque-Lauquen/Trenque-Lauquen/00957/INSTITUTO-NTRA.SRA.DEL-ROSARIO/0211500046X
Buenos Aires,Sección Cuarta,Trenque Lauquen,Trenque Lauquen,00958,ESCUELA EP N°7,0211500102X,https://resultados.gob.ar/elecciones/1/67089/1/-1/-1/Buenos-Aires/Secci%C3%B3n-Cuarta/Trenque-Lauquen/Trenque-Lauquen/00958/ESCUELA-EP-N%C2%B07/0211500102X
Buenos Aires,Sección Cuarta,Trenque Lauquen,Trenque Lauquen,00958,ESCUELA EP N°7,0211500103X,https://resultados.gob.ar/elecciones/1/67090/1/-1/-1/Buenos-Aires/Secci%C3%B3n-Cuarta/Trenque-Lauquen/Trenque-Lauquen/00958/ESCUELA-EP-N%C2%B07/0211500103X
Buenos Aires,Sección Cuarta,Trenque Lauquen,Trenque Lauquen,00958,ESCUELA EP N°7,0211500104X,https://resultados.gob.ar/elecciones/1/67091/1/-1/-1/Buenos-Aires/Secci%C3%B3n-Cuarta/Trenque-Lauquen/Trenque-Lauquen/00958/ESCUELA-EP-N%C2%B07/0211500104X
Buenos Aires,Sección Cuarta,Trenque Lauquen,Trenque Lauquen,00960,ESCUELA EP N°10,0211500105X,https://resultados.gob.ar/elecciones/1/67092/1/-1/-1/Buenos-Aires/Secci%C3%B3n-Cuarta/Trenque-Lauquen/Trenque-Lauquen/00960/ESCUELA-EP-N%C2%B010/0211500105X
Buenos Aires,Sección Cuarta,Trenque Lauquen,Trenque Lauquen,00961,ESCUELA EP N°17,0211500106X,https://resultados.gob.ar/elecciones/1/67093/1/-1/-1/Buenos-Aires/Secci%C3%B3n-Cuarta/Trenque-Lauquen/Trenque-Lauquen/00961/ESCUELA-EP-N%C2%B017/0211500106X
Buenos Aires,Sección Cuarta,Trenque Lauquen,Trenque Lauquen,00961,ESCUELA EP N°17,0211500107X,https://resultados.gob.ar/elecciones/1/67094/1/-1/-1/Buenos-Aires/Secci%C3%B3n-Cuarta/Trenque-Lauquen/Trenque-Lauquen/00961/ESCUELA-EP-N%C2%B017/0211500107X
Buenos Aires,Sección Cuarta,Trenque Lauquen,Trenque Lauquen,00961,ESCUELA EP N°17,0211500108X,https://resultados.gob.ar/elecciones/1/67095/1/-1/-1/Buenos-Aires/Secci%C3%B3n-Cuarta/Trenque-Lauquen/Trenque-Lauquen/00961/ESCUELA-EP-N%C2%B017/0211500108X
Buenos Aires,Sección Cuarta,Trenque Lauquen,Trenque Lauquen,00961,ESCUELA EP N°17,0211500109X,https://resultados.gob.ar/elecciones/1/67096/1/-1/-1/Buenos-Aires/Secci%C3%B3n-Cuarta/Trenque-Lauquen/Trenque-Lauquen/00961/ESCUELA-EP-N%C2%B017/0211500109X
Buenos Aires,Sección Cuarta,Trenque Lauquen,Trenque Lauquen,00961,ESCUELA EP N°17,0211500110X,https://resultados.gob.ar/elecciones/1/67097/1/-1/-1/Buenos-Aires/Secci%C3%B3n-Cuarta/Trenque-Lauquen/Trenque-Lauquen/00961/ESCUELA-EP-N%C2%B017/0211500110X
Buenos Aires,Sección Cuarta,Trenque Lauquen,Trenque Lauquen,00961,ESCUELA EP N°17,0211500111X,https://resultados.gob.ar/elecciones/1/67098/1/-1/-1/Buenos-Aires/Secci%C3%B3n-Cuarta/Trenque-Lauquen/Trenque-Lauquen/00961/ESCUELA-EP-N%C2%B017/0211500111X
Buenos Aires,Sección Cuarta,Trenque Lauquen,Trenque Lauquen,00961,ESCUELA EP N°17,0211500112X,https://resultados.gob.ar/elecciones/1/67099/1/-1/-1/Buenos-Aires/Secci%C3%B3n-Cuarta/Trenque-Lauquen/Trenque-Lauquen/00961/ESCUELA-EP-N%C2%B017/0211500112X
Buenos Aires,Sección Cuarta,Trenque Lauquen,Trenque Lauquen,00961,ESCUELA ES AGRARIA N°1,0211500113X,https://resultados.gob.ar/elecciones/1/67100/1/-1/-1/Buenos-Aires/Secci%C3%B3n-Cuarta/Trenque-Lauquen/Trenque-Lauquen/00961/ESCUELA-ES-AGRARIA-N%C2%B01/0211500113X
Buenos Aires,Sección Cuarta,Trenque Lauquen,Trenque Lauquen,00961,ESCUELA ES AGRARIA N°1,0211500114X,https://resultados.gob.ar/elecciones/1/67101/1/-1/-1/Buenos-Aires/Secci%C3%B3n-Cuarta/Trenque-Lauquen/Trenque-Lauquen/00961/ESCUELA-ES-AGRARIA-N%C2%B01/0211500114X
Buenos Aires,Sección Cuarta,Trenque Lauquen,Trenque Lauquen,00961,ESCUELA ES AGRARIA N°1,0211500115X,https://resultados.gob.ar/elecciones/1/67102/1/-1/-1/Buenos-Aires/Secci%C3%B3n-Cuarta/Trenque-Lauquen/Trenque-Lauquen/00961/ESCUELA-ES-AGRARIA-N%C2%B01/0211500115X
Buenos Aires,Sección Cuarta,Trenque Lauquen,Trenque Lauquen,00961,ESCUELA ES AGRARIA N°1,0211500116X,https://resultados.gob.ar/elecciones/1/67103/1/-1/-1/Buenos-Aires/Secci%C3%B3n-Cuarta/Trenque-Lauquen/Trenque-Lauquen/00961/ESCUELA-ES-AGRARIA-N%C2%B01/0211500116X
Buenos Aires,Sección Cuarta,Trenque Lauquen,Trenque Lauquen,00961,ESCUELA ES AGRARIA N°1,0211500117X,https://resultados.gob.ar/elecciones/1/67104/1/-1/-1/Buenos-Aires/Secci%C3%B3n-Cuarta/Trenque-Lauquen/Trenque-Lauquen/00961/ESCUELA-ES-AGRARIA-N%C2%B01/0211500117X
Buenos Aires,Sección Cuarta,Trenque Lauquen,Trenque Lauquen,00961,ESCUELA ES AGRARIA N°1,0211500118X,https://resultados.gob.ar/elecciones/1/67105/1/-1/-1/Buenos-Aires/Secci%C3%B3n-Cuarta/Trenque-Lauquen/Trenque-Lauquen/00961/ESCUELA-ES-AGRARIA-N%C2%B01/0211500118X
Buenos Aires,Sección Cuarta,Trenque Lauquen,Trenque Lauquen,00961,ESCUELA ES AGRARIA N°1,0211500119X,https://resultados.gob.ar/elecciones/1/67106/1/-1/-1/Buenos-Aires/Secci%C3%B3n-Cuarta/Trenque-Lauquen/Trenque-Lauquen/00961/ESCUELA-ES-AGRARIA-N%C2%B01/0211500119X
Buenos Aires,Sección Cuarta,Trenque Lauquen,Trenque Lauquen,00961,ESCUELA ES AGRARIA N°1,0211500120X,https://resultados.gob.ar/elecciones/1/67107/1/-1/-1/Buenos-Aires/Secci%C3%B3n-Cuarta/Trenque-Lauquen/Trenque-Lauquen/00961/ESCUELA-ES-AGRARIA-N%C2%B01/0211500120X
Buenos Aires,Sección Cuarta,Trenque Lauquen,Trenque Lauquen,0961A,ESCUELA MUNICIPAL,0211500121X,https://resultados.gob.ar/elecciones/1/67108/1/-1/-1/Buenos-Aires/Secci%C3%B3n-Cuarta/Trenque-Lauquen/Trenque-Lauquen/0961A/ESCUELA-MUNICIPAL/0211500121X
Buenos Aires,Sección Cuarta,Trenque Lauquen,Trenque Lauquen,0961D,ESCUELA EP N°44/ES N°7 EXTENSION,0211500122X,https://resultados.gob.ar/elecciones/1/67109/1/-1/-1/Buenos-Aires/Secci%C3%B3n-Cuarta/Trenque-Lauquen/Trenque-Lauquen/0961D/ESCUELA-EP-N%C2%B044%2FES-N%C2%B07-EXTENSION/0211500122X
